lear,rear,Close/Open
0.13736056394868904,0.16666666666666666,0
0.1,0.0625,0
0.15877487169612264,0.1454463327083275,0
0.08304547985373997,0.11404288819045583,0
0.26424909878161656,0.2647058823529412,0
0.21797709276174362,0.20672455764868075,0
0.17857142857142858,0.1610311422417263,0
0.13303802104754786,0.14285714285714285,0
0.13840913308956665,0.14680505487867587,0
0.14990633779917228,0.18318582636182795,0
0.13003589567063362,0.14976761962286422,0
0.21832400154313186,0.2300894966542111,0
0.16666666666666666,0.2,0
0.3087053138358001,0.2679985157046388,0
0.0828236445561349,0.11694886282802262,0
0.07669649888473704,0.11504474832710555,0
0.1424940999758193,0.14088952518736514,0
0.29651742278276144,0.23971772826690166,0
0.2773500981126146,0.2978879006693419,0
0.11744404390294069,0.14285714285714285,0
0.0935674292327708,0.0997785157856609,0
0.27077984614370726,0.27315863133552454,0
0.2701716134791496,0.2476302782718243,0
0.07669649888473704,0.09090909090909091,0
0.07976786137435425,0.08687444855261388,0
0.17836636045283594,0.17942390907494218,0
0.14088952518736514,0.1610311422417263,0
0.125,0.15811388300841897,0
0.21029171299146662,0.20896918976428644,0
0.14776353114138543,0.11280879139710874,0
0.1,0.1,0
0.0997785157856609,0.06237828615518053,0
0.062017367294604234,0.06992581834412663,0
0.19376237877321473,0.19434542497880583,0
0.12475657231036107,0.17616606585441102,0
0.1871348584655416,0.19108411851099838,0
0.20495430626357874,0.22216356051417732,0
0.16609095970747995,0.15811388300841897,0
0.15617376188860607,0.10846522890932808,0
0.26839496454347644,0.2158132119814573,0
0.1290569415042095,0.1290569415042095,0
0.09375,0.1313548918227579,0
0.07124704998790965,0.10687057498186447,0
0.07544417382415922,0.10024476187834032,0
0.11319042549350511,0.13211933023663935,0
0.1422588984322123,0.06651901052377393,0
0.33748886365607417,0.3991140631426436,0
0.10908430022557032,0.19108411851099838,0
0.13333333333333333,0.15625,0
0.15625,0.1871348584655416,0
0.4975185951049946,0.3910769444375214,0
0.16666666666666666,0.14120226591665966,0
0.10687057498186447,0.06237828615518053,0
0.09553223410794555,0.11764705882352941,0
0.10397504898200727,0.0789110388751331,0
0.28719515360844206,0.24951314462072213,0
0.1424940999758193,0.11538461538461539,0
0.16236357547006,0.12475657231036107,0
0.2014892062837781,0.13680008439456687,0
0.11785113019775793,0.14976761962286422,0
0.12403473458920847,0.13303802104754786,0
0.0828236445561349,0.11704114719613058,0
0.16982439460189602,0.17720937725651292,0
0.15625,0.16873432387040174,0
0.14680505487867587,0.11694886282802262,0
0.17149858514250885,0.1909392984733437,0
0.14617633655117154,0.1683697744755178,0
0.22360679774997896,0.21374114996372895,0
0.17149858514250885,0.17857142857142858,0
0.21428571428571427,0.13333333333333333,0
0.13303802104754786,0.16244579145599145,0
0.2538470508005519,0.20744980245361244,0
0.1673955920972457,0.20495430626357874,0
0.25,0.2849881999516386,0
0.13736056394868904,0.1504142093990467,0
0.3325950526188697,0.29942473580817114,0
0.16666666666666666,0.16873432387040174,0
0.13216372009101796,0.12373686681784413,0
0.13333333333333333,0.10587026825995569,0
0.14776353114138543,0.17000510022951149,0
0.23333333333333334,0.1995570315713218,0
0.13996362561620168,0.13333333333333333,0
0.17410132141440463,0.17149858514250885,0
0.07051993113045067,0.08097763301789161,0
0.13418701814368228,0.12953194003770996,0
0.08320502943378437,0.12953194003770996,0
0.21280831802947608,0.28937365628272577,0
0.15384615384615385,0.10714285714285714,0
0.16580886821007096,0.15354006063958447,0
0.1481885791840135,0.12277225411497276,0
0.11504474832710555,0.0917746291205323,0
0.20495430626357874,0.1995570315713218,0
0.15384615384615385,0.15384615384615385,0
0.19257117688026187,0.16362712429686843,0
0.14120226591665966,0.14088952518736514,0
0.18927285376081912,0.1741490304492521,0
0.17845765256206242,0.13418701814368228,0
0.13157894736842105,0.1507917405258444,0
0.16760038078849773,0.21926450482675733,0
0.15594571538795132,0.16629752630943484,0
0.17811762496977412,0.16666666666666666,0
0.12475657231036107,0.08808303292720551,0
0.14976761962286422,0.1274733607767825,0
0.16641005886756874,0.17541160386140586,0
0.1520571842539411,0.13996362561620168,0
0.32297112073308687,0.3547621232692877,0
0.1152801484786006,0.15617376188860607,0
0.0935674292327708,0.1,0
0.25757719624612196,0.22530295452966648,0
0.1424940999758193,0.14120226591665966,0
0.09877295966495897,0.07976786137435425,0
0.18093070201573147,0.18569533817705186,0
0.16666666666666666,0.1610070165492395,0
0.24230824372846413,0.20370021093167764,0
0.2567615691736825,0.2727272727272727,0
0.12475657231036107,0.21081851067789198,0
0.1414213562373095,0.17114623584467778,0
0.15339299776947407,0.1629256914422996,0
0.19611613513818404,0.1535737792084878,0
0.16101915080209417,0.17151337906041017,0
0.31189143077590264,0.2800964052936168,0
0.12409754201362294,0.1610311422417263,0
0.09245003270420485,0.13418701814368228,0
0.15617376188860607,0.13996362561620168,0
0.13736056394868904,0.09912279006826347,0
0.20761369963434992,0.1358036190637778,0
0.13333333333333333,0.12403473458920847,0
0.19904543830521157,0.20604084592303354,0
0.16244579145599145,0.16244579145599145,0
0.21280831802947608,0.2388450959634127,0
0.19047619047619047,0.2403700850309326,0
0.43038914084102736,0.31405435355412825,0
0.1424940999758193,0.13303802104754786,0
0.16666666666666666,0.16629752630943484,0
0.125,0.16609095970747995,0
0.13211933023663935,0.12403473458920847,0
0.14874102932718242,0.13303802104754786,0
0.23076923076923078,0.18251407699364425,0
0.07529725221671335,0.1009301871590491,0
0.17091083136448731,0.17647058823529413,0
0.1871348584655416,0.1995570315713218,0
0.13003589567063362,0.16629752630943484,0
0.08687444855261388,0.10687057498186447,0
0.18428853505018536,0.1610070165492395,0
0.1871348584655416,0.19257117688026187,0
0.25,0.23281653683320877,0
0.15617376188860607,0.1253511827221071,0
0.14874102932718242,0.13333333333333333,0
0.0935674292327708,0.1414213562373095,0
0.31819805153394637,0.2647058823529412,0
0.21832400154313186,0.2660760420950957,0
0.10714285714285714,0.10606601717798213,0
0.15339299776947407,0.20138722990383806,0
0.22360679774997896,0.2532680517065271,0
0.19219615962682976,0.20495430626357874,0
0.05555555555555555,0.058823529411764705,0
0.16760038078849773,0.15617376188860607,0
0.13303802104754786,0.15090367347255543,0
0.08261923847720276,0.08320502943378437,0
0.21566744597203907,0.23026547630526498,0
0.21428571428571427,0.1917412472118426,0
0.13996362561620168,0.14617633655117154,0
0.2849881999516386,0.3034299795599812,0
0.2660760420950957,0.3206117249455934,0
0.23488808780588138,0.19257117688026187,0
0.15635888319976896,0.1673955920972457,0
0.16629752630943484,0.21435191271346254,0
0.15625,0.22633936510629632,0
0.11748738691712715,0.13237712429686843,0
0.31304951684997057,0.20521430932334203,0
0.15339299776947407,0.1917412472118426,0
0.16439898730535732,0.20517995263032207,0
0.20521430932334203,0.2,0
0.08689266695452384,0.128036879932896,0
0.0935674292327708,0.09375,0
0.29981267559834457,0.27077018752058873,0
0.17811762496977412,0.20079404089835998,0
0.13736056394868904,0.13211933023663935,0
0.18537995029501128,0.13063248606829103,0
0.21428571428571427,0.24253562503633297,0
0.13085598064755344,0.14655482882269746,0
0.28638893798427906,0.22928642684202533,0
0.15090367347255543,0.13333333333333333,0
0.06537204504606134,0.07088375090260515,0
0.21376593751625425,0.16641005886756874,0
0.07692307692307693,0.10687057498186447,0
0.18569533817705186,0.21875,0
0.1995570315713218,0.19219615962682976,0
0.13876288317180277,0.18380365552345196,0
0.15617376188860607,0.14976761962286422,0
0.1152801484786006,0.11931318462768818,0
0.21428571428571427,0.1972574607881179,0
0.13333333333333333,0.13237712429686843,0
0.07124704998790965,0.14976761962286422,0
0.1758931489422659,0.18077538151554684,0
0.1643989873053573,0.1802745556518044,0
0.15625,0.16629752630943484,0
0.17616606585441102,0.13157894736842105,0
0.1871348584655416,0.17647058823529413,0
0.1290569415042095,0.15625,0
0.14605998837058273,0.1342888668771922,0
0.08770580193070293,0.10577419079861644,0
0.16946006624703625,0.18979997839488486,0
0.07669649888473704,0.10846522890932808,0
0.20701710508942092,0.2,0
0.1403233130245883,0.1788854381999832,0
0.1,0.10397504898200727,0
0.15426849682098,0.11694886282802262,0
0.27694871716183767,0.21952205224669774,0
0.09258086389703256,0.08600279717994266,0
0.1913470508005519,0.19611613513818404,0
0.15090367347255543,0.15090367347255543,0
0.2300894966542111,0.23076923076923078,0
0.2788125341864264,0.28154625318573645,0
0.13003589567063362,0.07142857142857142,0
0.0997785157856609,0.09245003270420485,0
0.17954630514150904,0.12953194003770996,0
0.1851229586821916,0.16015339721864633,0
0.16666666666666666,0.11538461538461539,0
0.14046382134987784,0.17150544512403798,0
0.31189143077590264,0.3237309501333119,0
0.2,0.13948208816291766,0
0.16007543486369627,0.17848558013543783,0
0.1800020524176937,0.19824558013652693,0
0.1,0.12140655808277107,0
0.2297330414274946,0.14792991052126087,0
0.19104017997521752,0.1198263619836009,0
0.14874102932718242,0.15811388300841897,0
0.205409255338946,0.16873432387040174,0
0.14403780047891934,0.1290569415042095,0
0.13216372009101796,0.14285714285714285,0
0.0,0.06237828615518053,0
0.12193619865618197,0.09912279006826347,0
0.11300839573278194,0.1155738563392782,0
0.16666666666666666,0.11744404390294069,0
0.10024476187834032,0.13211933023663935,0
0.23608834134288123,0.21858532913759207,0
0.08808303292720551,0.0876309356755479,0
0.1643989873053573,0.14776353114138543,0
0.23425464739904212,0.16244579145599145,0
0.15090367347255543,0.1629256914422996,0
0.12456821978060995,0.18380365552345196,0
0.09345386270319955,0.1,0
0.22382117688026187,0.18927285376081912,0
0.07088375090260515,0.1064863952943036,0
0.16244579145599145,0.15339299776947407,0
0.20138722990383806,0.19624035133555684,0
0.10587026825995569,0.13996362561620168,0
0.08574929257125442,0.128036879932896,0
0.11538461538461539,0.10752066611409408,0
0.14285714285714285,0.19230769230769232,0
0.1,0.10034620817545577,0
0.23060589672718357,0.16760038078849773,0
0.20896918976428644,0.16132117688026187,0
0.23333333333333334,0.27077018752058873,0
0.15128814205356392,0.11538461538461539,0
0.13333333333333333,0.15128814205356392,0
0.1386750490563073,0.17220148385485282,0
0.11384915322058192,0.13996362561620168,0
0.17616606585441102,0.17541160386140586,0
0.10075854437197569,0.10687057498186447,0
0.21832400154313186,0.2139062186164015,0
0.1,0.0935674292327708,0
0.11355505394295379,0.11211750625065145,0
0.1538647306476965,0.14251955000862054,0
0.13303802104754786,0.13216372009101796,0
0.15504341823651058,0.125,0
0.13303802104754786,0.12403473458920847,0
0.2218706389892351,0.2241541019482485,0
0.15339299776947407,0.15128814205356392,0
0.10786893258332633,0.09375,0
0.1,0.10692269559344719,0
0.07692307692307693,0.10687057498186447,0
0.03333333333333333,0.031189143077590267,0
0.13303802104754786,0.13333333333333333,0
0.21280831802947608,0.19219615962682976,0
0.1152801484786006,0.125,0
0.1424940999758193,0.15339299776947407,0
0.23333333333333334,0.20495430626357874,0
0.19796431140290355,0.17811762496977412,0
0.11211750625065145,0.07124704998790965,0
0.16629752630943484,0.14680505487867587,0
0.2660760420950957,0.2849881999516386,0
0.15811388300841897,0.19230769230769232,0
0.12235771521358388,0.1386750490563073,0
0.13996362561620168,0.12301684617824102,0
0.058722021951470346,0.07529725221671335,0
0.11132139496304724,0.1168412475673972,0
0.26261286571944514,0.21926450482675733,0
0.18719105994632887,0.2028242685634354,0
0.09973024302229998,0.0710062812462675,0
0.15594571538795132,0.19108411851099838,0
0.23535403452072196,0.1941450686788302,0
0.411020279435952,0.4048881650894581,0
0.10075854437197569,0.14755388580527637,0
0.3333333333333333,0.3325950526188697,0
0.20513217183267982,0.1747816593036228,0
0.22426173767603233,0.291547594742265,0
0.21786941605297164,0.19425717247145285,0
0.19230810074947904,0.2891073238637295,0
0.12403473458920847,0.15594571538795132,0
0.15090367347255543,0.15339299776947407,0
0.18633899812498247,0.15617376188860607,0
0.16007543486369624,0.22086305214969307,0
0.2388450959634127,0.23488808780588138,0
0.14990633779917228,0.1417675018052103,0
0.205409255338946,0.17857142857142858,0
0.06237828615518053,0.029361010975735173,0
0.13998190702591845,0.15617376188860607,0
0.16343011261515336,0.1673955920972457,0
0.11380711874576983,0.1,0
0.10024476187834032,0.0625,0
0.1655382009797906,0.15617376188860607,0
0.1424940999758193,0.09950371902099892,0
0.16132117688026187,0.19219615962682976,0
0.09285436778358057,0.15384615384615385,0
0.18077538151554684,0.18979997839488486,0
0.24419874594873694,0.2616063987527758,0
0.29702998569390543,0.22471927624751503,0
0.15674218845126503,0.16760038078849773,0
0.30262874684312724,0.3213134308103423,0
0.1057695700043364,0.11132139496304724,0
0.254396629486345,0.22086305214969307,0
0.15625,0.13948208816291766,0
0.0876309356755479,0.08333333333333333,0
0.14285714285714285,0.13303802104754786,0
0.07529725221671335,0.09501422740559645,0
0.12475657231036107,0.11694886282802262,0
0.23631256084527205,0.20896918976428644,0
0.15877487169612264,0.17117437944912167,0
0.2660760420950957,0.2693811516220012,0
0.09877295966495897,0.07976786137435425,0
0.125,0.1,0
0.14285714285714285,0.15128814205356392,0
0.1253511827221071,0.08687444855261388,0
0.17836636045283594,0.1460515594592465,0
0.14976761962286422,0.14874102932718242,0
0.12459023463234675,0.1515696910399963,0
0.1995570315713218,0.19108411851099838,0
0.500117439540077,0.39223227027636803,0
0.1610070165492395,0.125,0
0.16666666666666666,0.2487592975524973,0
0.10511766624552735,0.11744404390294069,0
0.16127417724876889,0.15811388300841897,0
0.09877295966495897,0.12978892518401758,0
0.2187844501254688,0.26715641180702626,0
0.190860340379199,0.15617376188860607,0
0.13418701814368228,0.18944271909999158,0
0.1673955920972457,0.11756765210688737,0
0.1747816593036228,0.181230682857284,0
0.1424940999758193,0.11744404390294069,0
0.19230769230769232,0.1629256914422996,0
0.20588235294117646,0.1995570315713218,0
0.14285714285714285,0.07124704998790965,0
0.1850583025494013,0.11756765210688737,0
0.16629752630943484,0.13333333333333333,0
0.15090367347255543,0.1155738563392782,0
0.0935674292327708,0.07529725221671335,0
0.0935674292327708,0.1610070165492395,0
0.21428571428571427,0.21428571428571427,0
0.2027495562272223,0.20588235294117646,0
0.21374114996372895,0.19108411851099838,0
0.1610311422417263,0.1414213562373095,0
0.15625,0.16666666666666666,0
0.1738690057052985,0.17647058823529413,0
0.2407158393346017,0.25757719624612196,0
0.16666666666666666,0.13418701814368228,0
0.1313548918227579,0.13333333333333333,0
0.16629752630943484,0.1313548918227579,0
0.03304093002275449,0.09245003270420485,0
0.17677669529663687,0.16666666666666666,0
0.1,0.13996362561620168,0
0.12437523838133162,0.11744404390294069,0
0.21505376880998686,0.24879033966532443,0
0.1152801484786006,0.0710062812462675,0
0.20370021093167764,0.2370106792372454,0
0.1358036190637778,0.12162632217389747,0
0.16666666666666666,0.21428571428571427,0
0.1629256914422996,0.1629256914422996,0
0.18389852725274292,0.15339299776947407,0
0.2647058823529412,0.23850259343081628,0
0.2218706389892351,0.1741490304492521,0
0.091601189454788,0.16744528915252793,0
0.07529725221671335,0.07486158461265358,0
0.17650283239582457,0.1414213562373095,0
0.07976786137435425,0.06666666666666667,0
0.16760038078849773,0.13876288317180277,0
0.2849881999516386,0.21428571428571427,0
0.1741490304492521,0.19007148031742638,0
0.0625,0.058823529411764705,0
0.1198263619836009,0.11180339887498948,0
0.14776353114138543,0.1168412475673972,0
0.17645044709992616,0.17645044709992616,0
0.11404288819045583,0.07976786137435425,0
0.1673955920972457,0.17677669529663687,0
0.2036073849504067,0.20231155617924318,0
0.08808303292720551,0.09889004066230124,0
0.21428571428571427,0.21428571428571427,0
0.21952205224669774,0.17114623584467778,0
0.11764705882352941,0.0935674292327708,0
0.13333333333333333,0.13333333333333333,0
0.22529441422441898,0.18719105994632887,0
0.14285714285714285,0.14285714285714285,0
0.16629752630943484,0.18389852725274292,0
0.058823529411764705,0.12242825646142118,0
0.21952205224669774,0.2407158393346017,0
0.12475657231036107,0.12437523838133162,0
0.14317582155322586,0.11094003924504582,0
0.0917746291205323,0.08600279717994266,0
0.14976761962286422,0.14792991052126087,0
0.09047647845011106,0.12301684617824102,0
0.12475657231036107,0.2,0
0.1460515594592465,0.1860521018838127,0
0.2855714487033662,0.2500322475972682,0
0.1,0.0804737854124365,0
0.13303802104754786,0.205409255338946,0
0.10752066611409408,0.07602859212697055,0
0.21213203435596426,0.22530295452966648,0
0.22188007849009164,0.28125,0
0.15617376188860607,0.13418701814368228,0
0.11441228056353686,0.09877295966495897,0
0.17616606585441102,0.11766855493054972,0
0.12162632217389747,0.1419109685344435,0
0.0789110388751331,0.06651901052377393,0
0.11931318462768818,0.15811388300841897,0
0.2777777777777778,0.28850527439451606,0
0.1424940999758193,0.12162632217389747,0
0.19108411851099838,0.1875,0
0.21786941605297164,0.24042351841717252,0
0.19961827238576688,0.2773500981126146,0
0.07088375090260515,0.12060869692229248,0
0.07529725221671335,0.08261923847720276,0
0.1610311422417263,0.15811388300841897,0
0.2538470508005519,0.25757719624612196,0
0.09047647845011106,0.09258086389703256,0
0.20950310663581354,0.18474223348429158,0
0.16760038078849773,0.18979997839488486,0
0.1,0.0997785157856609,0
0.25,0.28937365628272577,0
0.10752066611409408,0.038461538461538464,0
0.23281653683320877,0.18927285376081912,0
0.08290443410503547,0.10752066611409408,0
0.2532803652007522,0.2806027600245043,0
0.1429029965873958,0.13773610884939191,0
0.21952205224669774,0.205409255338946,0
0.08192319205190406,0.08097763301789161,0
0.09245003270420485,0.12269441465520421,0
0.19108411851099838,0.1871348584655416,0
0.18251407699364425,0.16007543486369627,0
0.18652719846651025,0.21075225889349514,0
0.17645044709992616,0.15811388300841897,0
0.12953194003770996,0.08261923847720276,0
0.13876288317180277,0.14976761962286422,0
0.13303802104754786,0.14285714285714285,0
0.17000510022951149,0.1758931489422659,0
0.0789110388751331,0.08770580193070293,0
0.15090367347255543,0.12437523838133162,0
0.25335270359176765,0.22426173767603233,0
0.15090367347255543,0.11380711874576983,0
0.1514456332038457,0.17677669529663687,0
0.15594571538795132,0.18124346059318763,0
0.1871348584655416,0.2,0
0.10526315789473684,0.15594571538795132,0
0.1424940999758193,0.10075854437197569,0
0.10687057498186447,0.15339299776947407,0
0.1386750490563073,0.15811388300841897,0
0.17645044709992616,0.14776353114138543,0
0.23608834134288123,0.27813983205304804,0
0.11433239009500591,0.15593229932062644,0
0.1875,0.14680505487867587,0
0.17114623584467778,0.20079404089835998,0
0.10714285714285714,0.09375,0
0.23281653683320877,0.21035158095583564,0
0.13211933023663935,0.0935674292327708,0
0.18181818181818182,0.1417675018052103,0
0.15090367347255543,0.1424940999758193,0
0.24951314462072213,0.22188007849009164,0
0.13303802104754786,0.13303802104754786,0
0.22808577638091165,0.18107149208503706,0
0.3071475584169756,0.2831760569774271,0
0.07486158461265358,0.06608186004550898,0
0.0997785157856609,0.12475657231036107,0
0.0997785157856609,0.08535533905932736,0
0.14792991052126087,0.2,0
0.2789532026422449,0.21952205224669774,0
0.13211933023663935,0.12953194003770996,0
0.16666666666666666,0.2110154611626203,0
0.22360679774997896,0.19900743804199783,0
0.14776353114138543,0.1851229586821916,0
0.2701704742980942,0.2538470508005519,0
0.23684210526315788,0.31323027878410764,0
0.15339299776947407,0.20761369963434992,0
0.16641005886756874,0.1752618713510958,0
0.1610070165492395,0.1386750490563073,0
0.11766855493054972,0.10526315789473684,0
0.26752192813739223,0.25182262437346936,0
0.2382138115254657,0.23333333333333334,0
0.16666666666666666,0.16580886821007096,0
0.19174124721184263,0.1752618713510958,0
0.2701704742980942,0.2366483149731612,0
0.16666666666666666,0.1424940999758193,0
0.1424940999758193,0.12475657231036107,0
0.16311640397431507,0.1535737792084878,0
0.23076923076923078,0.25183981454911464,0
0.13996362561620168,0.1535737792084878,0
0.23608834134288123,0.27118646351136305,0
0.19174124721184263,0.23060589672718357,0
0.16609095970747995,0.08535533905932736,0
0.16244579145599145,0.12162632217389747,0
0.2524754878398196,0.225,0
0.18380365552345196,0.10687057498186447,0
0.1917412472118426,0.13211933023663935,0
0.1629256914422996,0.08430799462095838,0
0.24951314462072213,0.23052650841202166,0
0.2538470508005519,0.38216823702199676,0
0.15339299776947407,0.16629752630943484,0
0.06651901052377393,0.11355505394295379,0
0.1507917405258444,0.16666666666666666,0
0.14776353114138543,0.15617376188860607,0
0.13840913308956665,0.15811388300841897,0
0.3090398323477543,0.19425717247145285,0
0.18093070201573147,0.17645044709992616,0
0.19257117688026187,0.19257117688026187,0
0.13237712429686843,0.1,0
0.14120226591665966,0.1313548918227579,0
0.1638463841038081,0.14482111159087308,0
0.0935674292327708,0.09407208683835974,0
0.15617376188860607,0.15811388300841897,0
0.1860521018838127,0.21832400154313186,0
0.14617633655117154,0.14776353114138543,0
0.18077538151554684,0.17710009709273083,0
0.15594571538795132,0.16330847331422962,0
0.13216372009101796,0.14285714285714285,0
0.1520571842539411,0.15339299776947407,0
0.1,0.06666666666666667,0
0.10034620817545577,0.08808303292720551,0
0.21374114996372895,0.23281653683320877,0
0.14285714285714285,0.11132139496304724,0
0.10714285714285714,0.15128814205356392,0
0.15617376188860607,0.15090367347255543,0
0.33563229250828386,0.31776400430001744,0
0.15384615384615385,0.15384615384615385,0
0.07071067811865475,0.1152801484786006,0
0.26839496454347644,0.19773531304604383,0
0.16317848796612638,0.24595362463945636,0
0.173259232729684,0.19318836639999085,0
0.1995570315713218,0.12459023463234675,0
0.29361010975735174,0.3872797194306033,0
0.29516180769720135,0.2518868125783982,0
0.09877295966495897,0.1504142093990467,0
0.033259505261886965,0.0804737854124365,0
0.10763001992547817,0.11504474832710555,0
0.18474223348429158,0.16580886821007096,0
0.1234661995811987,0.09425920350957478,0
0.09258086389703256,0.07692307692307693,0
0.18652719846651025,0.21374114996372895,0
0.06666666666666667,0.07124704998790965,0
0.11538461538461539,0.1758931489422659,0
0.07088375090260515,0.058823529411764705,0
0.30410352085392206,0.3910769444375214,0
0.14952135781726322,0.17845765256206245,0
0.2407158393346017,0.23813020216811367,0
0.13333333333333333,0.10714285714285714,0
0.15811388300841897,0.1535737792084878,0
0.17811762496977412,0.19611613513818404,0
0.20495430626357874,0.1972574607881179,0
0.125,0.10669417382415922,0
0.09889004066230124,0.12373686681784413,0
0.1000170980890904,0.13803940759355818,0
0.06666666666666667,0.08029554868106682,0
0.07124704998790965,0.1629256914422996,0
0.03304093002275449,0.035623524993954825,0
0.11384915322058192,0.15090367347255543,0
0.15892681321527494,0.1747816593036228,0
0.15384615384615385,0.07669649888473704,0
0.19066719485096545,0.2,0
0.2322539745918096,0.20186741293210067,0
0.23076923076923078,0.19257117688026187,0
0.14903688676179663,0.16629752630943484,0
0.17647058823529413,0.125,0
0.1789697769415323,0.13131590624511905,0
0.11744404390294069,0.13211933023663935,0
0.15594571538795132,0.12373686681784413,0
0.10687057498186447,0.12301684617824102,0
0.125,0.13130643285972254,0
0.23727844885472751,0.2534196007116017,0
0.11756765210688737,0.12403473458920847,0
0.16666666666666666,0.19796431140290355,0
0.20761369963434992,0.16666666666666666,0
0.18093070201573147,0.1941450686788302,0
0.0804737854124365,0.09428090415820635,0
0.18380365552345196,0.16609095970747995,0
0.1313064328597226,0.1310374706401729,0
0.17123289910321773,0.16244579145599145,0
0.12475657231036107,0.14120226591665966,0
0.26839496454347644,0.2336824951347944,0
0.16666666666666666,0.17811762496977412,0
0.1152801484786006,0.13303802104754786,0
0.06651901052377393,0.07495316889958614,0
0.10606601717798213,0.058722021951470346,0
0.28379062147523115,0.3268602252303067,0
0.12459023463234675,0.11766855493054972,0
0.22376876883610253,0.3041143685078822,0
0.17200522903844537,0.1887425886722793,0
0.16609095970747995,0.16609095970747995,0
0.23094111913437354,0.2,0
0.11407129812102765,0.08430799462095838,0
0.19174124721184263,0.17300455563895617,0
0.14120226591665966,0.19230769230769232,0
0.14680505487867587,0.13211933023663935,0
0.1871348584655416,0.26839496454347644,0
0.13003589567063362,0.1290569415042095,0
0.2557041559783794,0.1875,0
0.16760038078849773,0.13736056394868904,0
0.16760038078849773,0.14429004708581317,0
0.32845672078279337,0.27077018752058873,0
0.16629752630943484,0.17616606585441102,0
0.14792991052126087,0.12456821978060995,0
0.0997785157856609,0.07692307692307693,0
0.062017367294604234,0.062017367294604234,0
0.10687057498186447,0.15128814205356392,0
0.08333333333333333,0.16609095970747995,0
0.2657636714103364,0.2682042606398553,0
0.07602859212697055,0.07071067811865475,0
0.10153461651336192,0.1198263619836009,0
0.1875,0.12437523838133162,0
0.16666666666666666,0.21280831802947608,0
0.08808303292720551,0.06237828615518053,0
0.18700242776784964,0.2646756706498893,0
0.23702273156998863,0.18474223348429158,0
0.27607881518711636,0.2788125341864264,0
0.128036879932896,0.14617633655117154,0
0.19764235376052372,0.17647058823529413,0
0.07669649888473704,0.12301684617824102,0
0.3206117249455934,0.1670982142532505,0
0.21952205224669774,0.23631256084527205,0
0.20761369963434992,0.1875,0
0.08333333333333333,0.10687057498186447,0
0.17410132141440463,0.19175778731488302,0
0.1424940999758193,0.125,0
0.10928631298770725,0.14709399897726316,0
0.26666666666666666,0.28937365628272577,0
0.052999894000318,0.0917746291205323,0
0.125,0.1313548918227579,0
0.2683281572999747,0.190860340379199,0
0.16552117772047362,0.16552117772047362,0
0.14792991052126087,0.14617633655117154,0
0.19257117688026187,0.2,0
0.24018068605679,0.24135404574916758,0
0.20113399857238304,0.20896918976428644,0
0.11694886282802262,0.16330847331422962,0
0.14346737882716262,0.15635888319976896,0
0.11744404390294069,0.13216372009101796,0
0.13003589567063362,0.11211750625065145,0
0.0997785157856609,0.15339299776947407,0
0.29375911261381293,0.23876258663828212,0
0.08029554868106682,0.08600279717994266,0
0.12060869692229248,0.11211750625065145,0
0.21374114996372895,0.18251407699364425,0
0.1290569415042095,0.1610311422417263,0
0.21213203435596426,0.2370106792372454,0
0.12654736218287935,0.1290569415042095,0
0.0910975037348554,0.09245003270420485,0
0.14088952518736514,0.15090367347255543,0
0.07088375090260515,0.08934098130931098,0
0.1951718918867728,0.27426490650109264,0
0.24951314462072213,0.19219615962682976,0
0.22188007849009164,0.22870874995874624,0
0.16760038078849773,0.11300839573278194,0
0.205409255338946,0.16629752630943484,0
0.1384602133216471,0.07486158461265358,0
0.15090367347255543,0.0625,0
0.08535533905932736,0.07142857142857142,0
0.21417646843905966,0.21821518889900185,0
0.1424940999758193,0.16629752630943484,0
0.10077654026275086,0.0997785157856609,0
0.1917412472118426,0.1424940999758193,0
0.20447218324294508,0.21875,0
0.17091083136448731,0.23488808780588138,0
0.17300455563895617,0.19425717247145285,0
0.13418701814368228,0.13876288317180277,0
0.1355815361366601,0.14792991052126087,0
0.15674218845126503,0.176859840609262,0
0.06706148784369709,0.11748738691712715,0
0.0935674292327708,0.09375,0
0.15811388300841897,0.1290569415042095,0
0.17391547583997033,0.14403780047891934,0
0.182134582144651,0.16194106159846225,0
0.22638085098701025,0.1610311422417263,0
0.3553587813481308,0.3134034738770209,0
0.11094003924504582,0.1518316958873053,0
0.12373686681784413,0.12373686681784413,0
0.16520465011377244,0.1064863952943036,0
0.24936467495768377,0.23488808780588138,0
0.1418653737546003,0.15594571538795132,0
0.22376876883610253,0.24999814365823103,0
0.13996362561620168,0.19230810074947904,0
0.19824558013652693,0.19824558013652693,0
0.15625,0.1307383784762825,0
0.08622191294189625,0.07088375090260515,0
0.3385456845327663,0.3736611319222725,0
0.12403473458920847,0.17836636045283594,0
0.18505830254940134,0.16018078038918412,0
0.17207592200561267,0.1535737792084878,0
0.14903688676179663,0.1307383784762825,0
0.1885184070191496,0.20672455764868075,0
0.27942454809496975,0.22928642684202533,0
0.2208630521496931,0.17000510022951149,0
0.058823529411764705,0.0625,0
0.21670562052436673,0.2222222222222222,0
0.1424940999758193,0.17811762496977412,0
0.23813020216811367,0.18569533817705186,0
0.1871348584655416,0.21520106824074395,0
0.23702273156998863,0.17397209226563332,0
0.12403473458920847,0.16873432387040174,0
0.10687057498186447,0.12409754201362294,0
0.09245003270420485,0.10884074439933898,0
0.21428571428571427,0.22008134500601356,0
0.23282599091286532,0.2660760420950957,0
0.08535533905932736,0.08333333333333333,0
0.1875,0.21374114996372895,0
0.1,0.0917746291205323,0
0.23249527748763857,0.2055270768301462,0
0.13303802104754786,0.09375,0
0.26666666666666666,0.25,0
0.16015339721864633,0.1535737792084878,0
0.16760038078849773,0.2,0
0.2093695690360855,0.20950310663581354,0
0.10687057498186447,0.15384615384615385,0
0.17857142857142858,0.21428571428571427,0
0.13333333333333333,0.0997785157856609,0
0.15594571538795132,0.1424940999758193,0
0.1758931489422659,0.1995570315713218,0
0.13996362561620168,0.09877295966495897,0
0.1683697744755178,0.15090367347255543,0
0.15090367347255543,0.1,0
0.2370106792372454,0.26839496454347644,0
0.18537995029501128,0.15811388300841897,0
0.07749842582921286,0.09877295966495897,0
0.21213203435596426,0.20672455764868075,0
0.23891487134169592,0.22426173767603233,0
0.058823529411764705,0.0625,0
0.15128814205356392,0.19796431140290355,0
0.1,0.1629256914422996,0
0.13948208816291766,0.10606601717798213,0
0.11748738691712715,0.19219615962682976,0
0.32988411512494004,0.34375,0
0.16007543486369627,0.2,0
0.13948208816291766,0.13063248606829103,0
0.16666666666666666,0.17811762496977412,0
0.15594571538795132,0.16629752630943484,0
0.14403780047891934,0.1095993248702382,0
0.17329174830334546,0.1608245494994372,0
0.15090367347255543,0.15617376188860607,0
0.13333333333333333,0.2,0
0.23281653683320877,0.3321819194149599,0
0.3076923076923077,0.35976267405691004,0
0.13303802104754786,0.17836636045283594,0
0.06651901052377393,0.08687444855261388,0
0.1064863952943036,0.14776353114138543,0
0.21428571428571427,0.2,0
0.25260147839764086,0.37370465934182984,0
0.07844645405527362,0.05547001962252291,0
0.15617376188860607,0.14976761962286422,0
0.13211933023663935,0.20495430626357874,0
0.12409754201362294,0.18107149208503706,0
0.11380711874576983,0.11280879139710874,0
0.33689827529094785,0.3482026428288093,0
0.14285714285714285,0.08622191294189625,0
0.40767540416115705,0.3689082815489775,0
0.1629256914422996,0.1424940999758193,0
0.11931318462768818,0.17000510022951149,0
0.08600279717994266,0.11504474832710555,0
0.09452655492599482,0.0710062812462675,0
0.14285714285714285,0.21374114996372895,0
0.20896918976428644,0.20521430932334203,0
0.07486158461265358,0.1064863952943036,0
0.03333333333333333,0.09877295966495897,0
0.15617376188860607,0.12953194003770996,0
0.12475657231036107,0.16629752630943484,0
0.2,0.22376876883610253,0
0.10486673595970206,0.08808303292720551,0
0.2,0.17647058823529413,0
0.12140655808277107,0.06666666666666667,0
0.125,0.10687057498186447,0
0.08687444855261388,0.08770580193070293,0
0.16629752630943484,0.16520465011377244,0
0.18093070201573147,0.19444444444444445,0
0.17954630514150904,0.1414213562373095,0
0.12301684617824102,0.10687057498186447,0
0.08622191294189625,0.06666666666666667,0
0.0625,0.1,0
0.24253562503633294,0.2781572246623454,0
0.2300894966542111,0.2692307692307692,0
0.0997785157856609,0.07124704998790965,0
0.07417022646512231,0.07669649888473705,0
0.1875,0.16629752630943484,0
0.1800020524176937,0.1538647306476965,0
0.26839496454347644,0.25,0
0.16015339721864633,0.08436490812191956,0
0.14792991052126087,0.16629752630943484,0
0.4301162633521313,0.40930207426015186,0
0.3197969957242153,0.3178536264305499,0
0.06537204504606134,0.15128814205356392,0
0.09375,0.0951784699264644,0
0.14815943949743846,0.10397504898200727,0
0.07692307692307693,0.0997785157856609,0
0.1683697744755178,0.15625,0
0.1995570315713218,0.1424940999758193,0
0.14705882352941177,0.16629752630943484,0
0.13333333333333333,0.21374114996372895,0
0.13996362561620168,0.17169480100169177,0
0.09898215570145177,0.11319042549350511,0
0.21347047650771073,0.225,0
0.14705882352941177,0.14976761962286422,0
0.16641005886756874,0.1875,0
0.15594571538795132,0.21374114996372895,0
0.20079404089835998,0.1885184070191496,0
0.1995570315713218,0.2,0
0.11756765210688737,0.10752066611409408,0
0.11748738691712715,0.128036879932896,0
0.12373686681784413,0.13736056394868904,0
0.15625,0.19961827238576688,0
0.12475657231036107,0.07486158461265358,0
0.13303802104754786,0.13333333333333333,0
0.10763001992547817,0.11211750625065145,0
0.14874102932718242,0.19230769230769232,0
0.19824558013652693,0.125,0
0.23813020216811367,0.19824558013652693,0
0.1419109685344435,0.14429004708581317,0
0.08687444855261388,0.06695823683889826,0
0.0902474028246091,0.10526315789473684,0
0.14976761962286422,0.15811388300841897,0
0.10763001992547817,0.13996362561620168,0
0.15811388300841897,0.2,0
0.2634736922190852,0.25308774485712743,0
0.18124346059318763,0.12403473458920847,0
0.14776353114138543,0.1384602133216471,0
0.1424940999758193,0.14976761962286422,0
0.09302605094190634,0.12373686681784413,0
0.38052119532359524,0.3632612873491999,0
0.13996362561620168,0.1424940999758193,0
0.14907119849998599,0.15594571538795132,0
0.3197977419035963,0.3185926680218623,0
0.1424940999758193,0.11384915322058192,0
0.08535533905932736,0.09245003270420485,0
0.10763001992547817,0.07124704998790965,0
0.1,0.05,0
0.12403473458920847,0.1330015745880653,0
0.0997785157856609,0.0789110388751331,0
0.11355505394295379,0.0625,0
0.22591014555828173,0.1871348584655416,0
0.2370106792372454,0.17207592200561267,0
0.13333333333333333,0.14705882352941177,0
0.14705882352941177,0.14972316922530718,0
0.21035158095583564,0.23333333333333334,0
0.20370021093167764,0.2831760569774271,0
0.20549873413169661,0.22008134500601356,0
0.08600279717994266,0.1064863952943036,0
0.1274733607767825,0.0917746291205323,0
0.27653315937748607,0.3090398323477543,0
0.09345386270319955,0.12162632217389747,0
0.10526315789473684,0.14088952518736514,0
0.17200522903844537,0.13130643285972257,0
0.15617376188860607,0.14617633655117154,0
0.20370021093167764,0.22591014555828173,0
0.10687057498186447,0.08823529411764706,0
0.1,0.09345386270319955,0
0.3333333333333333,0.31060505677475014,0
0.1741490304492521,0.1313548918227579,0
0.13237712429686843,0.11764705882352941,0
0.190860340379199,0.16760038078849773,0
0.15811388300841897,0.18077538151554684,0
0.16760038078849773,0.20722449103076018,0
0.0876309356755479,0.12403473458920847,0
0.17169480100169177,0.11744404390294069,0
0.19425717247145285,0.15617376188860607,0
0.031189143077590267,0.04703604341917987,0
0.18474223348429158,0.1386750490563073,0
0.11094003924504582,0.11694886282802262,0
0.1414213562373095,0.23076923076923078,0
0.1995570315713218,0.1995570315713218,0
0.19108411851099838,0.18474223348429158,0
0.39528470752104744,0.4404151646360276,0
0.15625,0.15504341823651058,0
0.09285436778358057,0.09285436778358057,0
0.1995570315713218,0.19824558013652693,0
0.0876309356755479,0.0876309356755479,0
0.1917412472118426,0.14285714285714285,0
0.14680505487867587,0.1860521018838127,0
0.07134772412317411,0.05547001962252291,0
0.1424940999758193,0.1610311422417263,0
0.10687057498186447,0.10687057498186447,0
0.1610311422417263,0.14776353114138543,0
0.15931324696929156,0.1424940999758193,0
0.21786941605297164,0.19425717247145285,0
0.23076923076923078,0.2684377460965796,0
0.1741490304492521,0.14088952518736514,0
0.13333333333333333,0.10112712429686843,0
0.1424940999758193,0.10687057498186447,0
0.15339299776947407,0.20079404089835998,0
0.16330847331422962,0.1686983011771303,0
0.19425717247145285,0.16366139167425137,0
0.10687057498186447,0.11355505394295379,0
0.17811762496977412,0.21374114996372895,0
0.18113678857759793,0.1815452033828341,0
0.1424940999758193,0.09375,0
0.1057695700043364,0.10590169943749475,0
0.16609095970747995,0.23076923076923078,0
0.09912279006826347,0.13303802104754786,0
0.16007543486369624,0.1861745426346859,0
0.23281653683320877,0.19257117688026187,0
0.18700242776784964,0.15768735977629134,0
0.14705882352941177,0.11766855493054972,0
0.03333333333333333,0.033259505261886965,0
0.10846522890932808,0.07124704998790965,0
0.10024476187834032,0.1111111111111111,0
0.16625019652786385,0.15617376188860607,0
0.1618887642185832,0.1626111376990738,0
0.058823529411764705,0.06651901052377393,0
0.13333333333333333,0.13003589567063362,0
0.0951784699264644,0.08029554868106682,0
0.2208630521496931,0.2150891563880651,0
0.07692307692307693,0.11504474832710555,0
0.128386558425963,0.11351915229662496,0
0.22338530270442003,0.1871348584655416,0
0.16760038078849773,0.1871348584655416,0
0.15090367347255543,0.16244579145599145,0
0.2692307692307692,0.27426490650109264,0
0.13996362561620168,0.1313548918227579,0
0.19900743804199783,0.16100039938299565,0
0.12437523838133162,0.1412811624583021,0
0.18395591592967286,0.1941450686788302,0
0.17391547583997033,0.13036719785260303,0
0.2501810891794809,0.24253562503633297,0
0.15339299776947407,0.13333333333333333,0
0.1111111111111111,0.052558833122763673,0
0.1758931489422659,0.21926450482675733,0
0.1738690057052985,0.1535737792084878,0
0.23535403452072196,0.19026059766179762,0
0.1518316958873053,0.21081851067789198,0
0.13333333333333333,0.13303802104754786,0
0.16625019652786385,0.17677669529663687,0
0.28010353000765364,0.20672455764868075,0
0.35355339059327373,0.2218706389892351,0
0.1605403247669839,0.1605403247669839,0
0.25514557724065257,0.23488808780588138,0
0.22360679774997896,0.22530295452966648,0
0.16666666666666666,0.1386750490563073,0
0.20521430932334203,0.1610311422417263,0
0.23249527748763857,0.23060589672718357,0
0.13703416198659735,0.14791375932615672,0
0.13031167282892084,0.09633760902169114,0
0.13333333333333333,0.1507917405258444,0
0.16236357547006,0.1386750490563073,0
0.10041804595214986,0.12437523838133162,0
0.2055270768301462,0.22529441422441898,0
0.26839496454347644,0.21374114996372895,0
0.25335270359176765,0.17091083136448731,0
0.11011134386291328,0.1313548918227579,0
0.15,0.17616606585441102,0
0.1386750490563073,0.17410132141440463,0
0.15090367347255543,0.12475657231036107,0
0.13303802104754786,0.14120226591665966,0
0.18461603694585593,0.22694573469258858,0
0.03571428571428571,0.11504474832710555,0
0.0,0.09407208683835974,0
0.10763001992547817,0.13418701814368228,0
0.2727272727272727,0.20833333333333334,0
0.1009301871590491,0.15090367347255543,0
0.09375,0.13031167282892084,0
0.16362712429686843,0.21428571428571427,0
0.1610311422417263,0.13333333333333333,0
0.25,0.23511328267689752,0
0.17647058823529413,0.1875,0
0.07486158461265358,0.07544417382415922,0
0.3641785203646149,0.3768510093300177,0
0.38099046636598005,0.42192141380411646,0
0.21417646843905966,0.1274733607767825,0
0.06666666666666667,0.06651901052377393,0
0.19257117688026187,0.23128651015928142,0
0.15128814205356392,0.15,0
0.06237828615518053,0.08821621827824618,0
0.16366139167425137,0.15230192477004287,0
0.1881458875353645,0.19754591932991794,0
0.10714285714285714,0.1064863952943036,0
0.22338530270442003,0.2,0
0.18318582636182795,0.1313548918227579,0
0.1,0.08029554868106682,0
0.23076923076923078,0.17857142857142858,0
0.10599978800063599,0.1,0
0.30678599553894814,0.23631256084527205,0
0.08935405276890164,0.11094003924504582,0
0.16629752630943484,0.125,0
0.1917412472118426,0.1424940999758193,0
0.1386750490563073,0.14285714285714285,0
0.12953194003770996,0.1111111111111111,0
0.0997785157856609,0.09302605094190634,0
0.15594571538795132,0.17811762496977412,0
0.08770580193070293,0.09973024302229998,0
0.2001917465233079,0.22703830459324992,0
0.3090398323477543,0.2110154611626203,0
0.13303802104754786,0.15617376188860607,0
0.06651901052377393,0.08029554868106682,0
0.2036073849504067,0.1995570315713218,0
0.23281653683320877,0.2,0
0.24659848095803594,0.20896918976428644,0
0.13303802104754786,0.1064863952943036,0
0.14285714285714285,0.06666666666666667,0
0.1,0.12475657231036107,0
0.03304093002275449,0.07124704998790965,0
0.1424940999758193,0.17677669529663687,0
0.08823529411764706,0.13130643285972254,0
0.15594571538795132,0.13303802104754786,0
0.13998190702591845,0.1155738563392782,0
0.17117437944912167,0.13157894736842105,0
0.1313548918227579,0.13237712429686843,0
0.08320502943378437,0.06614904413216598,0
0.15850088551838723,0.15594571538795132,0
0.24608105060433663,0.2647058823529412,1
0.26551201343589603,0.3241391490629552,1
0.2716072381275556,0.2716072381275556,1
0.35623524993954825,0.2643274401820359,1
0.36666666666666664,0.3953356954492651,1
0.3904847670072876,0.35976267405691004,1
0.2382138115254657,0.24936467495768377,1
0.22587697572631282,0.25,1
0.3571921148297533,0.35233213170882205,1
0.3325950526188697,0.3206117249455934,1
0.33728926004813764,0.32142857142857145,1
0.3325950526188697,0.3067233195933498,1
0.28937365628272577,0.28125,1
0.30678599553894814,0.3087941422071926,1
0.14976761962286422,0.1610311422417263,1
0.329793805492167,0.29942740857865036,1
0.2660760420950957,0.21875,1
0.19854914077570693,0.21786941605297164,1
0.33767284013020876,0.38218767082460553,1
0.14705882352941177,0.18318582636182795,1
0.31150688077789307,0.25,1
0.3304093002275449,0.33695269386655763,1
0.44721359549995787,0.3149797645528214,1
0.3654879797342413,0.46335279146477987,1
0.2151960704402833,0.1643989873053573,1
0.3033006504530928,0.3216989200105089,1
0.25,0.24951314462072213,1
0.26839496454347644,0.26666666666666666,1
0.3746705608874931,0.3328201177351375,1
0.46429822772743085,0.36914789791412533,1
0.35623524993954825,0.25335270359176765,1
0.28797018815893544,0.26666666666666666,1
0.28797018815893544,0.28937365628272577,1
0.20896918976428644,0.24042351841717252,1
0.17811762496977412,0.1851229586821916,1
0.39538619905086486,0.35714285714285715,1
0.29011091520063076,0.31622776601683794,1
0.251869619194744,0.282842712474619,1
0.2660760420950957,0.31323027878410764,1
0.33368099704705123,0.35355339059327373,1
0.23425464739904212,0.26261286571944514,1
0.33891719470228254,0.3581350658590517,1
0.3778162208524282,0.3260513611443319,1
0.28719515360844206,0.33663398378642617,1
0.28797018815893544,0.26839496454347644,1
0.40196026221723297,0.3333333333333333,1
0.291547594742265,0.3087941422071926,1
0.3,0.28214861759762744,1
0.282842712474619,0.29516180769720135,1
0.2518868125783982,0.24951314462072213,1
0.20896918976428644,0.2895179148321171,1
0.24253562503633297,0.2647058823529412,1
0.40275875100994063,0.3904847670072876,1
0.4322666412678979,0.46335279146477987,1
0.33695269386655763,0.33767284013020876,1
0.3338575846564986,0.3067233195933498,1
0.24936467495768377,0.2916666666666667,1
0.2906591794880899,0.23813020216811367,1
0.26559258100921596,0.3421286645713675,1
0.18389852725274292,0.2716072381275556,1
0.31242713944683315,0.29375911261381293,1
0.31806809832974015,0.32142857142857145,1
0.2660760420950957,0.26666666666666666,1
0.3384627344007359,0.3834824944236852,1
0.28094425989494487,0.3033006504530928,1
0.40961596025952024,0.39234586550202843,1
0.40788296383043776,0.40275875100994063,1
0.32297112073308687,0.375,1
0.5,0.4653606231237664,1
0.36666666666666664,0.3948070680001446,1
0.3087941422071926,0.3321819194149599,1
0.2366483149731612,0.20896918976428644,1
0.2849881999516386,0.2660760420950957,1
0.14403780047891934,0.14792991052126087,1
0.33368099704705123,0.35705425906983634,1
0.3605551275463989,0.34615384615384615,1
0.22022268772582657,0.1947882731633069,1
0.23464639597044676,0.26781601596338633,1
0.33204320653021147,0.38767127484640956,1
0.26666666666666666,0.2993355473569827,1
0.3736611319222725,0.4375,1
0.2518868125783982,0.25441662015431427,1
0.3125,0.2123507433382009,1
0.3265153472048707,0.291547594742265,1
0.3788163422178866,0.34680843827067787,1
0.28797018815893544,0.22360679774997896,1
0.3456137515861799,0.28964222318174615,1
0.2727272727272727,0.3621429841700741,1
0.1424940999758193,0.16873432387040174,1
0.3026288873903514,0.35976267405691004,1
0.21875,0.1875,1
0.5,0.46726931351599776,1
0.36945647804189535,0.32662334100873636,1
0.3451342449813167,0.3458928216771459,1
0.2660760420950957,0.24936467495768377,1
0.29275783783015924,0.23425464739904212,1
0.23809523809523808,0.29361010975735174,1
0.26839496454347644,0.2366483149731612,1
0.21213203435596426,0.23076923076923078,1
0.3953356954492651,0.4074004218633553,1
0.23702273156998863,0.2208630521496931,1
0.3834824944236852,0.36666666666666664,1
0.38767127484640956,0.3910769444375214,1
0.30678599553894814,0.3076923076923077,1
0.3761520737410257,0.3918587749335031,1
0.3747658444979307,0.3761520737410257,1
0.32142857142857145,0.2701704742980942,1
0.34615384615384615,0.29375911261381293,1
0.43473724866722113,0.3547621232692877,1
0.33588839265223835,0.3241391490629552,1
0.32596012026013244,0.31347391590650286,1
0.2849881999516386,0.2974107567587893,1
0.2884274473643664,0.33695269386655763,1
0.33695269386655763,0.2974107567587893,1
0.291547594742265,0.32212029696237493,1
0.3260513611443319,0.3216989200105089,1
0.33588839265223835,0.3333333333333333,1
0.35705425906983634,0.3699673171197595,1
0.3430805738534929,0.3976426261351493,1
0.26666666666666666,0.2748737083745107,1
0.2793816955265854,0.31687511114881484,1
0.30143459001043993,0.2859659609976086,1
0.42506757313383614,0.35705425906983634,1
0.29516180769720135,0.33588839265223835,1
0.31855496779584513,0.27077984614370726,1
0.24895448801941633,0.29361010975735174,1
0.27694871716183767,0.25,1
0.2382138115254657,0.205409255338946,1
0.30313675443913407,0.2735450061782142,1
0.22008134500601356,0.23631256084527205,1
0.18251407699364425,0.1995570315713218,1
0.1995570315713218,0.1995570315713218,1
0.205409255338946,0.16666666666666666,1
0.3338575846564986,0.27694871716183767,1
0.21213203435596426,0.22087812893109607,1
0.2906591794880899,0.25375013128877094,1
0.2684177035841666,0.3338575846564986,1
0.25335270359176765,0.3206117249455934,1
0.3033006504530928,0.30064006702429674,1
0.12269441465520421,0.15617376188860607,1
0.35233213170882205,0.40625,1
0.2336824951347944,0.21259139050877143,1
0.28021396180886393,0.2993355473569827,1
0.31622776601683794,0.3333333333333333,1
0.28797018815893544,0.2972560346569865,1
0.35623524993954825,0.34893146998823477,1
0.3904847670072876,0.42978294032706593,1
0.3087941422071926,0.26953584668754665,1
0.42719016603202986,0.36067926834259945,1
0.19219615962682976,0.19174124721184263,1
0.2692307692307692,0.25579563072029926,1
0.3492151478847891,0.433838634051326,1
0.22188007849009164,0.22426173767603233,1
0.18537995029501128,0.25441662015431427,1
0.2701704742980942,0.282842712474619,1
0.433378886060741,0.35233213170882205,1
0.2139062186164015,0.26953584668754665,1
0.2849881999516386,0.31347391590650286,1
0.31347391590650286,0.3285246053940424,1
0.1871348584655416,0.17811762496977412,1
0.2800964052936168,0.25460333819405395,1
0.30064006702429674,0.33368099704705123,1
0.39620561362721496,0.37608662887235284,1
0.3904847670072876,0.35623524993954825,1
0.1851229586821916,0.2536351126479796,1
0.2684377460965796,0.3076923076923077,1
0.31596736452492435,0.23748180452882298,1
0.26752192813739223,0.2944941648078951,1
0.2701704742980942,0.2701704742980942,1
0.20138722990383806,0.24659848095803594,1
0.2849881999516386,0.30015885596807385,1
0.4304305929940994,0.40211344009769184,1
0.3034299795599812,0.3047075913857373,1
0.39285714285714285,0.32845672078279337,1
0.4479032082388083,0.4670340516162901,1
0.4274822999274579,0.4528206703535166,1
0.3505725953764562,0.294174202707276,1
0.3249971812766806,0.37370465934182984,1
0.3991140631426436,0.43038914084102736,1
0.3233808333817773,0.23702273156998863,1
0.3245945101352995,0.31622776601683794,1
0.36791183185934573,0.38847237299173903,1
0.2660760420950957,0.2660760420950957,1
0.33588839265223835,0.4166666666666667,1
0.3338575846564986,0.24748737341529162,1
0.3333333333333333,0.3249971812766806,1
0.31242713944683315,0.26610007244439693,1
0.31622776601683794,0.28379062147523115,1
0.35976267405691004,0.3467323420120994,1
0.3338575846564986,0.3090398323477543,1
0.31242713944683315,0.2793816955265854,1
0.3166890774818322,0.31716197120135853,1
0.2716072381275556,0.2727272727272727,1
0.2518868125783982,0.2222222222222222,1
0.2055270768301462,0.1810714920850371,1
0.31189143077590264,0.2973683702047904,1
0.3742697169310832,0.3768510093300177,1
0.24608105060433663,0.2647058823529412,1
0.21952205224669774,0.2684377460965796,1
0.31150688077789307,0.2684377460965796,1
0.19219615962682976,0.13303802104754786,1
0.33368099704705123,0.37029386365926403,1
0.339934634239519,0.3526730592930675,1
0.40401668734267093,0.35294117647058826,1
0.5307119342689784,0.5000191508449414,1
0.4318802368945258,0.38169314268455723,1
0.3547621232692877,0.4130961923860138,1
0.2857142857142857,0.2701704742980942,1
0.18927285376081912,0.2336824951347944,1
0.31622776601683794,0.3948070680001446,1
0.4666666666666667,0.40186670395458424,1
0.20079404089835998,0.1917412472118426,1
0.3882901373576604,0.39337206659467927,1
0.27426490650109264,0.24936467495768377,1
0.29942473580817114,0.25,1
0.3834824944236852,0.33767284013020876,1
0.3874921291460643,0.4388645472387473,1
0.3216989200105089,0.3219127945415555,1
0.30143589456623093,0.3149797645528214,1
0.35976267405691004,0.3333333333333333,1
0.3953356954492651,0.34268628484289715,1
0.279078152825719,0.24806946917841693,1
0.23702273156998863,0.31242713944683315,1
0.17645044709992616,0.23425464739904212,1
0.29842823584034917,0.27077984614370726,1
0.3,0.29011091520063076,1
0.3736611319222725,0.3794323017289523,1
0.26839496454347644,0.19773531304604383,1
0.35976267405691004,0.35705425906983634,1
0.3918348269727025,0.40822866833055826,1
0.23094111913437354,0.18251407699364425,1
0.3,0.2532803652007522,1
0.2660760420950957,0.2628928070266437,1
0.28797018815893544,0.26666666666666666,1
0.3783331390041006,0.3210806495339678,1
0.3742697169310832,0.36666666666666664,1
0.23850259343081628,0.2807022876983124,1
0.2845418466693579,0.2832553219924299,1
0.3634502302502994,0.3071475584169756,1
0.23410636891646308,0.2857142857142857,1
0.35714285714285715,0.35714285714285715,1
0.29375911261381293,0.3778162208524282,1
0.38842382744587634,0.3260513611443319,1
0.22633936510629632,0.17650283239582457,1
0.25,0.20079404089835998,1
0.28797018815893544,0.2643274401820359,1
0.28797018815893544,0.23813020216811367,1
0.2532680517065271,0.23984876836537652,1
0.3526730592930675,0.35714285714285715,1
0.3605551275463989,0.33368099704705123,1
0.2849881999516386,0.29450754468697576,1
0.27315863133552454,0.26666666666666666,1
0.2701704742980942,0.28021396180886393,1
0.3260513611443319,0.3788163422178866,1
0.16343011261515336,0.19108411851099838,1
0.27466081028764056,0.23425464739904212,1
0.27303128195887144,0.2972560346569865,1
0.2272248616754655,0.1871348584655416,1
0.43152723322493636,0.3467323420120994,1
0.23691096903620723,0.26261286571944514,1
0.3260513611443319,0.35365235522717964,1
0.279078152825719,0.26424909878161656,1
0.38767127484640956,0.30143589456623093,1
0.3241391490629552,0.31008683647302115,1
0.29375911261381293,0.2660760420950957,1
0.23691096903620723,0.22530295452966648,1
0.31347391590650286,0.3338575846564986,1
0.25,0.24253562503633297,1
0.3206117249455934,0.35623524993954825,1
0.21786941605297164,0.21213203435596426,1
0.3034299795599812,0.46086170070616816,1
0.4304305929940994,0.4601789933084222,1
0.28719515360844206,0.2632905631625808,1
0.2671116827781183,0.2988433251894139,1
0.2993355473569827,0.45267873021259264,1
0.36067926834259945,0.37484093124380513,1
0.2957708623641466,0.3258122453831672,1
0.24951314462072213,0.23529411764705882,1
0.3041143685078822,0.3505725953764562,1
0.3041143685078822,0.32835708335755537,1
0.25,0.2487592975524973,1
0.3918587749335031,0.30276458616712765,1
0.3561309707013459,0.2807022876983124,1
0.3842274868670723,0.38620975704922655,1
0.4,0.3789109846621478,1
0.2701704742980942,0.28937365628272577,1
0.35714285714285715,0.3918348269727025,1
0.30855119090472855,0.27683409098352735,1
0.35714285714285715,0.35976267405691004,1
0.4090909090909091,0.2957708623641466,1
0.28214861759762744,0.2647058823529412,1
0.40186670395458424,0.2978879006693419,1
0.26953584668754665,0.23128651015928142,1
0.33368099704705123,0.3155943597997745,1
0.25441662015431427,0.2660760420950957,1
0.30143459001043993,0.28937365628272577,1
0.3372936022910166,0.2722689434625274,1
0.23094111913437354,0.31121614998065,1
0.23535403452072196,0.2171861213815347,1
0.23076923076923078,0.23333333333333334,1
0.4166666666666667,0.41522739926869984,1
0.35976267405691004,0.26559258100921596,1
0.3872797194306033,0.35623524993954825,1
0.3321819194149599,0.39801487608399566,1
0.31150688077789307,0.3333333333333333,1
0.3505725953764562,0.291547594742265,1
0.26551201343589603,0.23727844885472751,1
0.35294117647058826,0.3736611319222725,1
0.3763602834759162,0.3839071177406312,1
0.3494306888715939,0.292103118918493,1
0.3834824944236852,0.279078152825719,1
0.35976267405691004,0.35976267405691004,1
0.4710021267605585,0.4670340516162901,1
0.3621429841700741,0.31622776601683794,1
0.282842712474619,0.2571922625628131,1
0.27303128195887144,0.29363129289107537,1
0.34375,0.3948070680001446,1
0.3091734712004211,0.3834824944236852,1
0.2701704742980942,0.29375911261381293,1
0.34688895947762427,0.3875945740815464,1
0.3790270084223686,0.26953584668754665,1
0.3249971812766806,0.33588839265223835,1
0.3505725953764562,0.3788163422178866,1
0.2536351126479796,0.21374114996372895,1
0.4260690442634642,0.5427465493185717,1
0.23631256084527205,0.23631256084527205,1
0.2978879006693419,0.294174202707276,1
0.30143459001043993,0.33728926004813764,1
0.26251151214901425,0.31323027878410764,1
0.31008683647302115,0.3658545578807566,1
0.15594571538795132,0.1673955920972457,1
0.3216989200105089,0.3451342449813167,1
0.46246387142126266,0.5454545454545454,1
0.29375911261381293,0.32142857142857145,1
0.3333333333333333,0.31189143077590264,1
0.1758931489422659,0.2218706389892351,1
0.2845418466693579,0.29411764705882354,1
0.23535403452072196,0.29011091520063076,1
0.2208630521496931,0.205409255338946,1
0.2849881999516386,0.26839496454347644,1
0.2557041559783794,0.32142857142857145,1
0.291547594742265,0.26839496454347644,1
0.30678599553894814,0.30678599553894814,1
0.25587465264033254,0.2599376224550182,1
0.31347391590650286,0.28797018815893544,1
0.36914789791412533,0.35976267405691004,1
0.2849881999516386,0.27396560098529465,1
0.33588839265223835,0.31323027878410764,1
0.3661847812223889,0.3325950526188697,1
0.3546971207388632,0.3026288873903514,1
0.30143589456623093,0.3206117249455934,1
0.23727844885472751,0.3071475584169756,1
0.27426490650109264,0.2701704742980942,1
0.4666666666666667,0.3825779244549758,1
0.2988433251894139,0.2660293096304744,1
0.3742697169310832,0.3768510093300177,1
0.31819805153394637,0.35365235522717964,1
0.3333333333333333,0.33663398378642617,1
0.25,0.2859659609976086,1
0.32705599609089403,0.3685770701003707,1
0.21374114996372895,0.205409255338946,1
0.38461538461538464,0.33588839265223835,1
0.40422604172722165,0.38461538461538464,1
0.29942740857865036,0.29436779853286643,1
0.37912695238977245,0.3605551275463989,1
0.27077018752058873,0.20370021093167764,1
0.29851115706299675,0.23076923076923078,1
0.23076923076923078,0.23076923076923078,1
0.26058153613666013,0.24949920596716638,1
0.2973683702047904,0.2701704742980942,1
0.35705425906983634,0.35355339059327373,1
0.38012940106740256,0.44126130406091413,1
0.22530295452966648,0.190860340379199,1
0.21428571428571427,0.2,1
0.22360679774997896,0.282842712474619,1
0.30143459001043993,0.3834824944236852,1
0.3421286645713675,0.26666666666666666,1
0.28964222318174615,0.3206117249455934,1
0.2807022876983124,0.2859659609976086,1
0.31150688077789307,0.20495430626357874,1
0.40211344009769184,0.5017010409071484,1
0.3661235978014167,0.41099746826339323,1
0.25335270359176765,0.272462488904917,1
0.24748737341529162,0.224830738875342,1
0.3,0.2859659609976086,1
0.18077538151554684,0.21821518889900185,1
0.2916757572206104,0.3571921148297533,1
0.17857142857142858,0.23076923076923078,1
0.3076923076923077,0.18927285376081912,1
0.31819805153394637,0.2571922625628131,1
0.2957708623641466,0.2957708623641466,1
0.29450754468697576,0.3076923076923077,1
0.375,0.4131407764644961,1
0.18251407699364425,0.21374114996372895,1
0.38890872965260115,0.39285714285714285,1
0.28719515360844206,0.26402867467729757,1
0.26666666666666666,0.25,1
0.2491364395612199,0.21741588886913588,1
0.32582520091491646,0.33204320653021147,1
0.1917412472118426,0.25,1
0.3220622844834526,0.4166666666666667,1
0.3605551275463989,0.3910769444375214,1
0.3918587749335031,0.37723691800736087,1
0.2487592975524973,0.2788125341864264,1
0.2967960677340692,0.3621429841700741,1
0.24892327780051274,0.3017766952966369,1
0.27694871716183767,0.29363129289107537,1
0.21280831802947608,0.26424909878161656,1
0.4190581774617469,0.3667219270698057,1
0.34375,0.39285714285714285,1
0.29651742278276144,0.3658545578807566,1
0.3090398323477543,0.35365235522717964,1
0.25565499628245686,0.3237775284371664,1
0.31150688077789307,0.25757719624612196,1
0.24936467495768377,0.3333333333333333,1
0.42953209029580836,0.43944555463432966,1
0.25757719624612196,0.2849881999516386,1
0.41242597416568527,0.35714285714285715,1
0.28797018815893544,0.291547594742265,1
0.2849881999516386,0.26839496454347644,1
0.40275875100994063,0.43152723322493636,1
0.3333333333333333,0.3654879797342413,1
0.31150688077789307,0.27694871716183767,1
0.2832553219924299,0.2366483149731612,1
0.23874258867227932,0.23128651015928142,1
0.28719515360844206,0.3265153472048707,1
0.35705425906983634,0.3600283677092758,1
0.3206117249455934,0.3338575846564986,1
0.3047075913857373,0.3333333333333333,1
0.18927285376081912,0.25757719624612196,1
0.1871348584655416,0.21428571428571427,1
0.253224755112299,0.21374114996372895,1
0.3285246053940424,0.3090398323477543,1
0.3090398323477543,0.3321819194149599,1
0.4166666666666667,0.3333333333333333,1
0.3561309707013459,0.35623524993954825,1
0.23128651015928142,0.29450754468697576,1
0.21213203435596426,0.23333333333333334,1
0.42857142857142855,0.31622776601683794,1
0.3125,0.3206117249455934,1
0.1995570315713218,0.22360679774997896,1
0.19895215722689943,0.2647058823529412,1
0.25460333819405395,0.30830609759979954,1
0.28937365628272577,0.31242713944683315,1
0.33333333333333337,0.3210806495339678,1
0.17677669529663687,0.21428571428571427,1
0.3451342449813167,0.3687817782917155,1
0.26839496454347644,0.2807022876983124,1
0.4131407764644961,0.34829796928755713,1
0.3206117249455934,0.28937365628272577,1
0.282842712474619,0.25183981454911464,1
0.2684377460965796,0.23631256084527205,1
0.37190053872606604,0.31806809832974015,1
0.21952205224669774,0.21374114996372895,1
0.2669496695232564,0.25565499628245686,1
0.2789485924374026,0.272462488904917,1
0.42506757313383614,0.3325950526188697,1
0.21347047650771073,0.24997155432189194,1
0.24211709905575113,0.24949920596716638,1
0.3076923076923077,0.28719515360844206,1
0.24951314462072213,0.2532803652007522,1
0.3260513611443319,0.28937365628272577,1
0.2777777777777778,0.27077018752058873,1
0.3333333333333333,0.3333333333333333,1
0.31150688077789307,0.29011091520063076,1
0.31622776601683794,0.3529412620251612,1
0.32212029696237493,0.3076923076923077,1
0.2599376224550182,0.2532680517065271,1
0.2993355473569827,0.291547594742265,1
0.3260513611443319,0.32496498262831375,1
0.42626009731916226,0.37484093124380513,1
0.2702337519523617,0.25565499628245686,1
0.4110541536602924,0.3197029007553438,1
0.3206117249455934,0.28937365628272577,1
0.2684377460965796,0.29436779853286643,1
0.32142857142857145,0.3,1
0.27315863133552454,0.24909531065939494,1
0.26162761578477417,0.28125,1
0.3333333333333333,0.4166666666666667,1
0.2773500981126146,0.29361010975735174,1
0.23850259343081628,0.24951314462072213,1
0.36945647804189535,0.4561668920292633,1
0.26666666666666666,0.2701704742980942,1
0.3430805738534929,0.3237309501333119,1
0.15572095586205942,0.23702273156998863,1
0.29275783783015924,0.25587465264033254,1
0.30678599553894814,0.39467610868816316,1
0.2684377460965796,0.2300894966542111,1
0.24879033966532443,0.23094111913437354,1
0.4055175020198813,0.4,1
0.35705425906983634,0.3834824944236852,1
0.291547594742265,0.3076923076923077,1
0.34375,0.31622776601683794,1
0.3788163422178866,0.3260513611443319,1
0.3948070680001446,0.404619344766525,1
0.36882165305836623,0.31008683647302115,1
0.27507293125968374,0.32205057943014065,1
0.34680843827067787,0.291547594742265,1
0.291547594742265,0.28797018815893544,1
0.33891719470228254,0.2828954962257003,1
0.3333333333333333,0.3125,1
0.17000510022951149,0.23425464739904212,1
0.30678599553894814,0.2643274401820359,1
0.2849881999516386,0.28937365628272577,1
0.26666666666666666,0.23874258867227932,1
0.27303128195887144,0.34240528516707336,1
0.27315863133552454,0.33333333333333337,1
0.2845418466693579,0.33368099704705123,1
0.2027495562272223,0.22376876883610253,1
0.23691096903620723,0.21374114996372895,1
0.3658545578807566,0.43328233380630776,1
0.30678599553894814,0.2831760569774271,1
0.29375911261381293,0.28719515360844206,1
0.42688536590741477,0.3953356954492651,1
0.4601789933084222,0.3924095981291637,1
0.4044169404198737,0.415067145202924,1
0.2857142857142857,0.28937365628272577,1
0.24806946917841693,0.23464639597044676,1
0.1361051061084151,0.17117437944912167,1
0.3661235978014167,0.34375,1
0.3658545578807566,0.37484093124380513,1
0.24936467495768377,0.2849881999516386,1
0.1643989873053573,0.13876288317180277,1
0.28719515360844206,0.24936467495768377,1
0.27077018752058873,0.3285246053940424,1
0.2701704742980942,0.2518868125783982,1
0.24892327780051274,0.26666666666666666,1
0.3241391490629552,0.3206117249455934,1
0.2857142857142857,0.24936467495768377,1
0.46652658962113763,0.3686071986926973,1
0.23608834134288123,0.3087941422071926,1
0.32142857142857145,0.35714285714285715,1
0.3634502302502994,0.3571921148297533,1
0.20588235294117646,0.2208706236059213,1
0.21035158095583564,0.2773500981126146,1
0.1995570315713218,0.2407158393346017,1
0.21374114996372895,0.242535625036333,1
0.4304305929940994,0.4647216357807007,1
0.3333333333333333,0.3026288873903514,1
0.24909531065939494,0.19219615962682976,1
0.3790270084223686,0.3834824944236852,1
0.4616435357484827,0.3872797194306033,1
0.2973973925672025,0.3957280903120923,1
0.2916666666666667,0.2300894966542111,1
0.3076923076923077,0.32596012026013244,1
0.22360679774997896,0.26559258100921596,1
0.37190053872606604,0.32830842531896226,1
0.21374114996372895,0.21428571428571427,1
0.291547594742265,0.28797018815893544,1
0.375,0.3829279037284849,1
0.3338575846564986,0.23281653683320877,1
0.23691096903620723,0.291547594742265,1
0.35714285714285715,0.3260513611443319,1
0.23281653683320877,0.3087941422071926,1
0.2300894966542111,0.21952205224669774,1
0.2171861213815347,0.22360679774997896,1
0.3166890774818322,0.291547594742265,1
0.15811388300841897,0.15090367347255543,1
0.35777087639996635,0.28094425989494487,1
0.3333333333333333,0.33663398378642617,1
0.3090398323477543,0.295378269592824,1
0.28797018815893544,0.2849881999516386,1
0.23128651015928142,0.21213203435596426,1
0.30143459001043993,0.26666666666666666,1
0.3451342449813167,0.38767127484640956,1
0.3746705608874931,0.29651742278276144,1
0.23691096903620723,0.3338575846564986,1
0.44852347535206466,0.30678599553894814,1
0.21786941605297164,0.1875,1
0.15504341823651058,0.15090367347255543,1
0.20588235294117646,0.20914158245508108,1
0.20896918976428644,0.20138722990383806,1
0.2701704742980942,0.28937365628272577,1
0.18389852725274292,0.1851229586821916,1
0.3090398323477543,0.25757719624612196,1
0.30678599553894814,0.2660760420950957,1
0.2491364395612199,0.2692307692307692,1
0.3505725953764562,0.3834824944236852,1
0.29651742278276144,0.28021396180886393,1
0.272462488904917,0.3458928216771459,1
0.39538619905086486,0.32205057943014065,1
0.3949374482057586,0.4304305929940994,1
0.1995570315713218,0.1995570315713218,1
0.26216683989925516,0.26666666666666666,1
0.2660760420950957,0.25,1
0.28797018815893544,0.2849881999516386,1
0.29011091520063076,0.2595310335717397,1
0.21374114996372895,0.2650854018430103,1
0.3698977214370539,0.3456137515861799,1
0.24806946917841693,0.3076923076923077,1
0.2171861213815347,0.17811762496977412,1
0.23282599091286532,0.2701704742980942,1
0.3055555555555556,0.31189143077590264,1
0.30678599553894814,0.3076923076923077,1
0.16666666666666666,0.14088952518736514,1
0.20495430626357874,0.23743685418725535,1
0.18124346059318763,0.22376876883610253,1
0.35714285714285715,0.3467323420120994,1
0.22209280215830052,0.26559258100921596,1
0.291547594742265,0.2857142857142857,1
0.20761369963434992,0.2300894966542111,1
0.2906591794880899,0.2906591794880899,1
0.28797018815893544,0.45164188276980655,1
0.2446084514502303,0.24748737341529162,1
0.31819805153394637,0.2623360911485515,1
0.30064006702429674,0.3206117249455934,1
0.2660760420950957,0.21832400154313186,1
0.3699673171197595,0.3904847670072876,1
0.3654879797342413,0.35714285714285715,1
0.2832553219924299,0.38218767082460553,1
0.34826301657349623,0.2684377460965796,1
0.3976426261351493,0.42719016603202986,1
0.3384627344007359,0.25587465264033254,1
0.42857142857142855,0.433378886060741,1
0.33767284013020876,0.2993355473569827,1
0.38842382744587634,0.32142857142857145,1
0.3391817326856071,0.3839071177406312,1
0.3325950526188697,0.3067233195933498,1
0.2,0.19611613513818404,1
0.30678599553894814,0.35976267405691004,1
0.2701704742980942,0.25,1
0.28937365628272577,0.30143459001043993,1
0.28719515360844206,0.30442625397304945,1
0.1871348584655416,0.25183981454911464,1
0.2949955097939174,0.3605551275463989,1
0.16520465011377244,0.28769822778437526,1
0.2876301804462766,0.26953584668754665,1
0.28937365628272577,0.23691096903620723,1
0.32205057943014065,0.3149797645528214,1
0.32142857142857145,0.2836711532333834,1
0.375,0.3409036744422392,1
0.3410955201203233,0.36666666666666664,1
0.2501810891794809,0.2684377460965796,1
0.3033006504530928,0.2859659609976086,1
0.3953356954492651,0.3091734712004211,1
0.3561309707013459,0.38461538461538464,1
0.3523649724724399,0.3736611319222725,1
0.35714285714285715,0.30143589456623093,1
0.2807022876983124,0.3260513611443319,1
0.3451342449813167,0.3033006504530928,1
0.3605551275463989,0.2993355473569827,1
0.2807022876983124,0.3260513611443319,1
0.28719515360844206,0.3732884438274,1
0.28214861759762744,0.23891487134169592,1
0.20914158245508108,0.22870874995874624,1
0.32705599609089403,0.45956841107122737,1
0.3076923076923077,0.2623360911485515,1
0.3746705608874931,0.3166890774818322,1
0.26551201343589603,0.2832553219924299,1
0.23425464739904212,0.2973973925672025,1
0.21374114996372895,0.17811762496977412,1
0.26551201343589603,0.25335270359176765,1
0.2491364395612199,0.2,1
0.1629256914422996,0.15384615384615385,1
0.25183981454911464,0.22216356051417732,1
0.3338575846564986,0.21786941605297164,1
0.13996362561620168,0.16666666666666666,1
0.32142857142857145,0.30143459001043993,1
0.3658545578807566,0.3467323420120994,1
0.30678599553894814,0.3033006504530928,1
0.27694871716183767,0.2171861213815347,1
0.41522739926869984,0.35623524993954825,1
0.2957708623641466,0.23631256084527205,1
0.28214861759762744,0.31189143077590264,1
0.2643274401820359,0.25,1
0.3325950526188697,0.38767127484640956,1
0.36914789791412533,0.3430805738534929,1
0.35714285714285715,0.3561309707013459,1
0.3249971812766806,0.31242713944683315,1
0.31150688077789307,0.2684377460965796,1
0.3430805738534929,0.3553753685381829,1
0.3505725953764562,0.374887370473507,1
0.3391817326856071,0.46652658962113763,1
0.2110154611626203,0.24659848095803594,1
0.26148818018424536,0.2692307692307692,1
0.30143459001043993,0.35623524993954825,1
0.30313675443913407,0.3,1
0.3389975621293937,0.29361010975735174,1
0.40186670395458424,0.3953356954492651,1
0.28797018815893544,0.31234752377721214,1
0.35976267405691004,0.2800964052936168,1
0.3430805738534929,0.3658545578807566,1
0.2208630521496931,0.20370021093167764,1
0.23813020216811367,0.272462488904917,1
0.3225504926677694,0.22087812893109607,1
0.4090909090909091,0.3206117249455934,1
0.31622776601683794,0.33368099704705123,1
0.31121614998065006,0.2876301804462766,1
0.28379062147523115,0.3834824944236852,1
0.29842823584034917,0.2793816955265854,1
0.2981165919613957,0.35705425906983634,1
0.30507579975623333,0.2978879006693419,1
0.26666666666666666,0.282842712474619,1
0.33663398378642617,0.27426490650109264,1
0.46335279146477987,0.34375,1
0.2036073849504067,0.19624035133555684,1
0.3451342449813167,0.3505725953764562,1
0.2684377460965796,0.31150688077789307,1
0.29450754468697576,0.28937365628272577,1
0.3698977214370539,0.26666666666666666,1
0.30313675443913407,0.2807022876983124,1
0.31242713944683315,0.33891719470228254,1
0.33695269386655763,0.375,1
0.24142135623730954,0.3225504926677694,1
0.2849881999516386,0.28937365628272577,1
0.2849881999516386,0.3616202853397895,1
0.272462488904917,0.2532803652007522,1
0.2849881999516386,0.29011091520063076,1
0.26559258100921596,0.33588839265223835,1
0.3325950526188697,0.3526730592930675,1
0.36225142568272795,0.3333333333333333,1
0.2849881999516386,0.24936467495768377,1
0.3260513611443319,0.35976267405691004,1
0.3547621232692877,0.3842274868670723,1
0.4666666666666667,0.4856429311786321,1
0.2693811516220012,0.3008284187980934,1
0.3087941422071926,0.3076923076923077,1
0.16666666666666666,0.20833333333333334,1
0.22493106823617373,0.1535737792084878,1
0.46335279146477987,0.41105048298673247,1
0.28937365628272577,0.3687817782917155,1
0.3372936022910166,0.33891719470228254,1
0.33695269386655763,0.3924095981291637,1
0.23076923076923078,0.21213203435596426,1
0.21875,0.1871348584655416,1
0.3047075913857373,0.2807022876983124,1
0.3125,0.31189143077590264,1
0.3338575846564986,0.3410001732114751,1
0.36945647804189535,0.40186670395458424,1
0.3918587749335031,0.3605551275463989,1
0.36067926834259945,0.38461538461538464,1
0.190860340379199,0.18389852725274292,1
0.4343722427630694,0.375,1
0.25335270359176765,0.26839496454347644,1
0.272462488904917,0.23281653683320877,1
0.38620975704922655,0.3333333333333333,1
0.35355339059327373,0.3605551275463989,1
0.29011091520063076,0.4207924797330327,1
0.22530295452966648,0.2916666666666667,1
0.20495430626357874,0.2,1
0.32845672078279337,0.3325950526188697,1
0.3658545578807566,0.375,1
0.375,0.404619344766525,1
0.45170438847124555,0.4084708691207961,1
0.32205057943014065,0.29450754468697576,1
0.22591014555828173,0.22376876883610253,1
0.3071475584169756,0.3285246053940424,1
0.43461478786661534,0.3992257112451434,1
0.28769822778437526,0.24936467495768377,1
0.32596012026013244,0.2857142857142857,1
0.26261286571944514,0.25565499628245686,1
0.26666666666666666,0.33663398378642617,1
0.2501810891794809,0.25514557724065257,1
0.4375,0.40196026221723297,1
0.2532803652007522,0.25,1
0.3467323420120994,0.343661877240191,1
0.3325950526188697,0.26953584668754665,1
0.31150688077789307,0.2595310335717397,1
0.23702273156998863,0.19230769230769232,1
0.3605551275463989,0.4144237732815437,1
0.3149797645528214,0.3252675169916044,1
0.4287464628562721,0.4642857142857143,1
0.25,0.31622776601683794,1
0.35623524993954825,0.35623524993954825,1
0.28154625318573645,0.31189143077590264,1
0.2692307692307692,0.282842712474619,1
0.2828954962257003,0.24253562503633297,1
0.31347391590650286,0.40430377003132,1
0.23488808780588138,0.1800020524176937,1
0.3333333333333333,0.32205057943014065,1
0.4122312949338949,0.2993355473569827,1
0.25757719624612196,0.30678599553894814,1
0.33663398378642617,0.3834824944236852,1
0.32662334100873636,0.3125,1
0.40196026221723297,0.3976426261351493,1
0.2701704742980942,0.2,1
0.26839496454347644,0.28797018815893544,1
0.29516180769720135,0.2857142857142857,1
0.2849881999516386,0.23333333333333334,1
0.1917412472118426,0.23076923076923078,1
0.23631256084527205,0.25587465264033254,1
0.20896918976428644,0.2036073849504067,1
0.3264417503997878,0.40275875100994063,1
0.46335279146477987,0.433378886060741,1
0.30678599553894814,0.3321819194149599,1
0.31948519172620204,0.24659848095803594,1
0.2660760420950957,0.36363636363636365,1
0.19904543830521157,0.19624035133555684,1
0.39878405795731914,0.3839839718750483,1
0.29702998569390543,0.3091734712004211,1
0.31189143077590264,0.272462488904917,1
0.36118735787391326,0.33741095691478934,1
0.3632900981742718,0.33588839265223835,1
0.21213203435596426,0.1995570315713218,1
0.3910769444375214,0.42183074386605374,1
0.33695269386655763,0.32867482820160654,1
0.19444444444444445,0.2388450959634127,1
0.33891719470228254,0.31347391590650286,1
0.33368099704705123,0.2949955097939174,1
0.3034299795599812,0.3047075913857373,1
0.2643274401820359,0.28937365628272577,1
0.3456137515861799,0.3185926680218623,1
0.4274822999274579,0.32387162103263195,1
0.3333333333333333,0.33695269386655763,1
0.3661235978014167,0.3694254176766073,1
0.22808577638091165,0.23076923076923078,1
0.23813020216811367,0.31150688077789307,1
0.3206117249455934,0.3206117249455934,1
0.39538619905086486,0.374887370473507,1
0.31189143077590264,0.3924095981291637,1
0.3076923076923077,0.3241391490629552,1
0.27077984614370726,0.31150688077789307,1
0.39538619905086486,0.35623524993954825,1
0.40531660671057,0.5025381361380526,1
0.3523649724724399,0.4054588600086734,1
0.29375911261381293,0.282842712474619,1
0.3372936022910166,0.362245385694578,1
0.3992257112451434,0.459317712091543,1
0.21706078553111482,0.19219615962682976,1
0.1995570315713218,0.21428571428571427,1
0.36666666666666664,0.33695269386655763,1
0.28797018815893544,0.2849881999516386,1
0.3047075913857373,0.2701704742980942,1
0.4,0.4809319154828116,1
0.45675013919556984,0.5017094061437024,1
0.272462488904917,0.24951314462072213,1
0.3321819194149599,0.3561309707013459,1
0.291547594742265,0.2970246508960046,1
0.23813020216811367,0.22087812893109607,1
0.3241391490629552,0.33588839265223835,1
0.3260513611443319,0.3206117249455934,1
0.30678599553894814,0.34240528516707336,1
0.2650854018430103,0.3468443597997745,1
0.3601409499271108,0.3794323017289523,1
0.34268628484289715,0.282842712474619,1
0.40186670395458424,0.4260690442634642,1
0.2832553219924299,0.2857142857142857,1
0.42857142857142855,0.45956841107122737,1
0.2407158393346017,0.25,1
0.23281653683320877,0.23691096903620723,1
0.34875020002934626,0.3834824944236852,1
0.3,0.3698977214370539,1
0.25,0.19847359942596346,1
0.18436705929172786,0.1629256914422996,1
0.3076923076923077,0.29375911261381293,1
0.2973973925672025,0.29942740857865036,1
0.22529441422441898,0.24253562503633297,1
0.2208630521496931,0.2701716134791496,1
0.3372936022910166,0.3732884438274,1
0.24936467495768377,0.36363636363636365,1
0.1995570315713218,0.28797018815893544,1
0.27694871716183767,0.31150688077789307,1
0.32142857142857145,0.35976267405691004,1
0.38235294117647056,0.44108109139123086,1
0.27683409098352735,0.31347391590650286,1
0.3605551275463989,0.39285714285714285,1
0.4104373637111152,0.39086299477404096,1
0.4038843615231784,0.35976267405691004,1
0.3416324152979639,0.4538240864144057,1
0.2684377460965796,0.24253562503633297,1
0.24748737341529162,0.27396560098529465,1
0.3467323420120994,0.36945647804189535,1
0.2322539745918096,0.23425464739904212,1
0.39538619905086486,0.33695269386655763,1
0.26666666666666666,0.2,1
0.3834824944236852,0.3076923076923077,1
0.24874963844490444,0.3086028796567753,1
0.26989640626620237,0.3739673983765846,1
0.2643274401820359,0.3783331390041006,1
0.3885143449429057,0.42719016603202986,1
0.27694871716183767,0.29842823584034917,1
0.3991140631426436,0.3654879797342413,1
0.3055555555555556,0.3389975621293937,1
0.1917412472118426,0.1758931489422659,1
0.29702998569390543,0.31752436852258425,1
0.190860340379199,0.25,1
0.26559258100921596,0.32142857142857145,1
0.21428571428571427,0.2,1
0.33368099704705123,0.3206117249455934,1
0.2849881999516386,0.2849881999516386,1
0.2831760569774271,0.3047075913857373,1
0.28125,0.3505725953764562,1
0.23076923076923078,0.19904543830521157,1
0.29411764705882354,0.3333333333333333,1
0.2849881999516386,0.272462488904917,1
0.3321819194149599,0.3451342449813167,1
0.37370465934182984,0.44776673559449515,1
0.31838634237934677,0.2767233749590771,1
0.256773116851926,0.28797018815893544,1
0.3149797645528214,0.343661877240191,1
0.29011091520063076,0.31242713944683315,1
0.26666666666666666,0.2793816955265854,1
0.23281653683320877,0.31150688077789307,1
0.23529411764705882,0.2807022876983124,1
0.27507293125968374,0.2828954962257003,1
0.3632900981742718,0.35623524993954825,1
0.291547594742265,0.26559258100921596,1
0.25,0.2518868125783982,1
0.1875,0.25335270359176765,1
0.24746070770039152,0.2773500981126146,1
0.2660760420950957,0.23850259343081628,1
0.28719515360844206,0.282842712474619,1
0.3676073110469039,0.411020279435952,1
0.3773255230676626,0.40554587071625536,1
0.3087941422071926,0.28094425989494487,1
0.3047075913857373,0.2660760420950957,1
0.3451342449813167,0.2857142857142857,1
0.28214861759762744,0.3241391490629552,1
0.3087941422071926,0.3372936022910166,1
0.2208630521496931,0.23702273156998863,1
0.3090398323477543,0.3017766952966369,1
0.3910769444375214,0.38767127484640956,1
0.23631256084527205,0.25,1
0.23333333333333334,0.23874258867227932,1
0.3746705608874931,0.3604127312396988,1
0.2993355473569827,0.37029386365926403,1
0.21786941605297164,0.20079404089835998,1
0.29361010975735174,0.24936467495768377,1
0.23333333333333334,0.1875,1
0.3034299795599812,0.2850970508005519,1
0.30678599553894814,0.30678599553894814,1
0.3801726581436387,0.4099493208729029,1
0.35714285714285715,0.2828954962257003,1
0.3605551275463989,0.3325950526188697,1
0.33058621463912463,0.2660760420950957,1
0.3149797645528214,0.30143459001043993,1
0.18436705929172786,0.158753359293835,1
0.2382138115254657,0.2370106792372454,1
0.35714285714285715,0.33368099704705123,1
0.3857081361708781,0.3505237427021916,1
0.25757719624612196,0.26666666666666666,1
0.26551201343589603,0.2701704742980942,1
0.35355339059327373,0.28797018815893544,1
0.19624035133555684,0.14976761962286422,1
0.28399477559384395,0.2036073849504067,1
0.3948070680001446,0.34344570535319013,1
0.3948070680001446,0.3918348269727025,1
0.34615384615384615,0.3505725953764562,1
0.21875,0.26953584668754665,1
0.2684377460965796,0.24748737341529162,1
0.2849881999516386,0.3041143685078822,1
0.35714285714285715,0.33695269386655763,1
0.375,0.30313675443913407,1
0.3076923076923077,0.26839496454347644,1
0.27426490650109264,0.24588790594475818,1
0.2532803652007522,0.2643274401820359,1
0.21520106824074395,0.14776353114138543,1
0.3087941422071926,0.2595310335717397,1
0.3451342449813167,0.3834824944236852,1
0.3953356954492651,0.404619344766525,1
0.22087812893109607,0.25,1
0.29375911261381293,0.3076923076923077,1
0.32205057943014065,0.2859659609976086,1
0.31752794974596293,0.3310656539720239,1
0.3807120206682936,0.3582560465795101,1
0.272462488904917,0.25,1
0.5,0.43815467837773947,1
0.25,0.19219615962682976,1
0.31622776601683794,0.2807022876983124,1
0.21952205224669774,0.21786941605297164,1
0.3304093002275449,0.2988433251894139,1
0.41522739926869984,0.2701704742980942,1
0.404619344766525,0.42483856331322933,1
0.3287979746107146,0.3922322702763681,1
0.22022268772582657,0.28964366303686245,1
0.28719515360844206,0.33333333333333337,1
0.26666666666666666,0.2857142857142857,1
0.26551201343589603,0.31347391590650286,1
0.40196026221723297,0.4559223273095164,1
0.26551201343589603,0.27077984614370726,1
0.35705425906983634,0.34615384615384615,1
0.3372936022910166,0.3333333333333333,1
0.27077018752058873,0.26559258100921596,1
0.4207924797330327,0.35714285714285715,1
0.3155943597997745,0.26953584668754665,1
0.22087812893109607,0.20370021093167764,1
0.3155943597997745,0.3904847670072876,1
0.24042351841717252,0.23631256084527205,1
0.34615384615384615,0.37370465934182984,1
0.3621429841700741,0.3621429841700741,1
0.33588839265223835,0.38218767082460553,1
0.16666666666666666,0.16609095970747995,1
0.3249971812766806,0.32496498262831375,1
0.26953584668754665,0.3067233195933498,1
0.2973973925672025,0.28769822778437526,1
0.2518868125783982,0.2993355473569827,1
0.27077984614370726,0.23631256084527205,1
0.1995570315713218,0.1871348584655416,1
0.2793816955265854,0.24437162485083158,1
0.3834824944236852,0.35365235522717964,1
0.06651901052377393,0.035355339059327376,1
0.30313675443913407,0.25,1
0.38282074674438826,0.33058621463912463,1
0.282842712474619,0.3038876803795515,1
0.2643274401820359,0.22216356051417732,1
0.30678599553894814,0.29450754468697576,1
0.3333333333333333,0.25587465264033254,1
0.30143589456623093,0.2660760420950957,1
0.3206117249455934,0.35020209798623747,1
0.19007148031742638,0.17857142857142858,1
0.28719515360844206,0.25,1
0.3177515445045886,0.28937365628272577,1
0.21786941605297164,0.2532680517065271,1
0.29011091520063076,0.25,1
0.2382138115254657,0.22376876883610253,1
0.3125,0.38218767082460553,1
0.2599376224550182,0.15617376188860607,1
0.29411764705882354,0.29361010975735174,1
0.39649116027305387,0.2978879006693419,1
0.2491364395612199,0.2300894966542111,1
0.2660760420950957,0.2831760569774271,1
0.4129835870199964,0.3605551275463989,1
0.2595310335717397,0.26666666666666666,1
0.2906591794880899,0.2567615691736825,1
0.3333333333333333,0.25,1
0.25441662015431427,0.2366483149731612,1
0.2701704742980942,0.25441662015431427,1
0.28719515360844206,0.3034299795599812,1
0.34375,0.3667219270698057,1
0.21428571428571427,0.20672455764868075,1
0.3505725953764562,0.41099746826339323,1
0.3372936022910166,0.30678599553894814,1
0.2800964052936168,0.3768510093300177,1
0.3325950526188697,0.2978879006693419,1
0.22633936510629632,0.2532680517065271,1
0.23128651015928142,0.2300894966542111,1
0.3333333333333333,0.3505725953764562,1
0.26424909878161656,0.21435005469079302,1
0.26839496454347644,0.22591014555828173,1
0.3768510093300177,0.3149797645528214,1
0.2807022876983124,0.3047075913857373,1
0.2981980359589267,0.26953584668754665,1
0.33368099704705123,0.3654879797342413,1
0.20896918976428644,0.19257117688026187,1
0.35714285714285715,0.3872797194306033,1
0.23535403452072196,0.23094111913437354,1
0.25335270359176765,0.28719515360844206,1
0.19796431140290355,0.2300894966542111,1
0.36666666666666664,0.3953356954492651,1
0.3206117249455934,0.3910769444375214,1
0.31189143077590264,0.343661877240191,1
0.3206117249455934,0.26839496454347644,1
0.40186670395458424,0.4301162633521313,1
0.21952205224669774,0.23249527748763857,1
0.35714285714285715,0.28937365628272577,1
0.2701704742980942,0.2701704742980942,1
0.21428571428571427,0.21952205224669774,1
0.35714285714285715,0.35714285714285715,1
0.3325950526188697,0.24951314462072213,1
0.31189143077590264,0.3061715012479187,1
0.3090398323477543,0.26953584668754665,1
0.34615384615384615,0.3508886779083716,1
0.2727272727272727,0.2532680517065271,1
0.25587465264033254,0.2692307692307692,1
0.404619344766525,0.4601789933084222,1
0.29651742278276144,0.29702998569390543,1
0.46153846153846156,0.3904847670072876,1
0.35976267405691004,0.2849881999516386,1
0.25335270359176765,0.2518868125783982,1
0.3206117249455934,0.30410352085392206,1
0.35623524993954825,0.3654879797342413,1
0.35714285714285715,0.3605551275463989,1
0.2679985157046388,0.292103118918493,1
0.26839496454347644,0.23333333333333334,1
0.24936467495768377,0.25757719624612196,1
0.2300894966542111,0.1995570315713218,1
0.3321819194149599,0.3739673983765846,1
0.2684377460965796,0.2684377460965796,1
0.36666666666666664,0.3632900981742718,1
0.31189143077590264,0.3661847812223889,1
0.4250045420224114,0.3667219270698057,1
0.1875,0.19611613513818404,1
0.26839496454347644,0.2857142857142857,1
0.3333333333333333,0.38461538461538464,1
0.25514557724065257,0.20495430626357874,1
0.2151960704402833,0.23631256084527205,1
0.2974107567587893,0.41522739926869984,1
0.33588839265223835,0.3333333333333333,1
0.21435191271346254,0.1705664549276522,1
0.295378269592824,0.38014296063485276,1
0.3026288873903514,0.31150688077789307,1
0.3839071177406312,0.2978879006693419,1
0.35623524993954825,0.282842712474619,1
0.36067926834259945,0.23891487134169592,1
0.3794323017289523,0.4,1
0.30678599553894814,0.29375911261381293,1
0.26666666666666666,0.282842712474619,1
0.28937365628272577,0.27077018752058873,1
0.35976267405691004,0.38218767082460553,1
0.3260513611443319,0.2538470508005519,1
0.23060589672718357,0.3025090754432592,1
0.3476726155819369,0.35294117647058826,1
0.2832553219924299,0.25335270359176765,1
0.25757719624612196,0.2692307692307692,1
0.3467323420120994,0.31189143077590264,1
0.4031128874149275,0.40401668734267093,1
0.37370465934182984,0.3372936022910166,1
0.21832400154313186,0.31347391590650286,1
0.2942965263519692,0.2916666666666667,1
0.31347391590650286,0.26666666666666666,1
0.33588839265223835,0.3325950526188697,1
0.3260513611443319,0.30015885596807385,1
0.35976267405691004,0.35623524993954825,1
0.2595310335717397,0.2382138115254657,1
0.30678599553894814,0.2684377460965796,1
0.21213203435596426,0.21374114996372895,1
0.34040434516962403,0.3742697169310832,1
0.30064006702429674,0.29411764705882354,1
0.3384627344007359,0.23076923076923078,1
0.3076923076923077,0.38767127484640956,1
0.33901206245632054,0.40311288741492746,1
0.254396629486345,0.23076923076923078,1
0.40275875100994063,0.38890872965260115,1
0.31323027878410764,0.36067926834259945,1
0.3149797645528214,0.35623524993954825,1
0.2643274401820359,0.28125,1
0.38218767082460553,0.28719515360844206,1
0.27466081028764056,0.21374114996372895,1
0.35623524993954825,0.25,1
0.2859659609976086,0.4122312949338949,1
0.3976426261351493,0.46153846153846156,1
0.26666666666666666,0.23333333333333334,1
0.32205057943014065,0.3206117249455934,1
0.26323945539708893,0.24445060351935236,1
0.2981980359589267,0.32205057943014065,1
0.3498551302202616,0.32142857142857145,1
0.291547594742265,0.2973973925672025,1
0.36067926834259945,0.3241391490629552,1
0.28797018815893544,0.3260513611443319,1
0.2857142857142857,0.31150688077789307,1
0.3661847812223889,0.4166666666666667,1
0.3333333333333333,0.3149797645528214,1
0.33901206245632054,0.2768182661791333,1
0.3325950526188697,0.3918251790714283,1
0.35294117647058826,0.4134491152973615,1
0.1875,0.19257117688026187,1
0.28797018815893544,0.3076923076923077,1
0.3034299795599812,0.26666666666666666,1
0.2849881999516386,0.24806946917841693,1
0.26666666666666666,0.2701704742980942,1
0.38665629258004286,0.45675013919556984,1
0.23631256084527205,0.23813020216811367,1
0.4388645472387473,0.4343722427630694,1
0.3333333333333333,0.25335270359176765,1
0.2789532026422449,0.2727272727272727,1
0.2916666666666667,0.27694871716183767,1
0.33663398378642617,0.35976267405691004,1
0.4571611329805377,0.4122312949338949,1
0.2993355473569827,0.2859659609976086,1
0.38348249442368526,0.4138549356431022,1
0.2849881999516386,0.3384627344007359,1
0.30143589456623093,0.3026288873903514,1
0.26839496454347644,0.24936467495768377,1
0.27077018752058873,0.3333333333333333,1
0.2684377460965796,0.2491364395612199,1
0.2970246508960046,0.340587727318528,1
0.23076923076923078,0.2957708623641466,1
0.2671116827781183,0.3333333333333333,1
0.2557041559783794,0.2511399339503253,1
0.17149858514250885,0.18420426574858778,1
0.3834824944236852,0.2849881999516386,1
0.27426490650109264,0.30678599553894814,1
0.4250045420224114,0.42506757313383614,1
0.35705425906983634,0.31868871959954903,1
0.24879033966532443,0.29417420270727607,1
0.33588839265223835,0.31189143077590264,1
0.3034299795599812,0.27722107483412195,1
0.2849881999516386,0.2849881999516386,1
0.3338575846564986,0.3498551302202616,1
0.31150688077789307,0.291547594742265,1
0.2973683702047904,0.2640007465490652,1
0.2993355473569827,0.3739673983765846,1
0.24879033966532443,0.24951314462072213,1
0.23631256084527205,0.24042351841717252,1
0.3671705232162928,0.31150688077789307,1
0.23076923076923078,0.22360679774997896,1
0.3311537857175473,0.2716072381275556,1
0.21952205224669774,0.15617376188860607,1
0.30678599553894814,0.24936467495768377,1
0.2849881999516386,0.291547594742265,1
0.31242713944683315,0.291547594742265,1
0.16609095970747995,0.16609095970747995,1
0.27315863133552454,0.34826301657349623,1
0.158753359293835,0.21435191271346254,1
0.20761369963434992,0.2308640753373011,1
0.16629752630943484,0.16629752630943484,1
0.3333333333333333,0.31622776601683794,1
0.3041143685078822,0.31150688077789307,1
0.26839496454347644,0.26551201343589603,1
0.20952908873087345,0.21374114996372895,1
0.23249527748763857,0.2171861213815347,1
0.282842712474619,0.24936467495768377,1
0.30678599553894814,0.25757719624612196,1
0.2684377460965796,0.27315863133552454,1
0.24936467495768377,0.2526190535415312,1
0.28719515360844206,0.28797018815893544,1
0.3325950526188697,0.3149797645528214,1
0.25757719624612196,0.2692307692307692,1
